cve_id,cpu_quarter,cpu_url,product_family,component,cvss_version,base_score,attack_vector,attack_complexity,privileges_required,user_interaction,scope,confidentiality,integrity,availability,access_vector,access_complexity,authentication,package_privilege,protocol,remote_exploit,affected_versions,notes
CVE-2025-6965,2026-Q2,https://www.oracle.com/security-alerts/cpuapr2026.html,Oracle Communications,Platform (SQLite),3.1,9.8,Network,Low,None,None,Un- changed,High,High,High,,,,,HTTP,Yes,24.2.1,
CVE-2025-68615,2026-Q2,https://www.oracle.com/security-alerts/cpuapr2026.html,Oracle Communications,Other (Net-SNMP),3.1,9.8,Network,Low,None,None,Un- changed,High,High,High,,,,,UDP,Yes,47.0,
CVE-2025-68615,2026-Q2,https://www.oracle.com/security-alerts/cpuapr2026.html,Oracle Communications,Other (Net-SNMP),3.1,9.8,Network,Low,None,None,Un- changed,High,High,High,,,,,HTTP,Yes,17.0,
CVE-2025-68615,2026-Q2,https://www.oracle.com/security-alerts/cpuapr2026.html,Oracle Communications,Patches (Net-SNMP),3.1,9.8,Network,Low,None,None,Un- changed,High,High,High,,,,,HTTP,Yes,11.0,
CVE-2025-68615,2026-Q2,https://www.oracle.com/security-alerts/cpuapr2026.html,Oracle Communications,Platform (Net-SNMP),3.1,9.8,Network,Low,None,None,Un- changed,High,High,High,,,,,HTTP,Yes,14.0,
CVE-2025-68615,2026-Q2,https://www.oracle.com/security-alerts/cpuapr2026.html,Oracle Communications,Security (Net-SNMP),3.1,9.8,Network,Low,None,None,Un- changed,High,High,High,,,,,HTTP,Yes,8.1.0.0.0,
CVE-2025-68615,2026-Q2,https://www.oracle.com/security-alerts/cpuapr2026.html,Oracle Communications,Developer Infrastructure (Net-SNMP),3.1,9.8,Network,Low,None,None,Un- changed,High,High,High,,,,,HTTP,Yes,"5.2, 6.0, 6.1",
CVE-2026-25968,2026-Q2,https://www.oracle.com/security-alerts/cpuapr2026.html,Oracle Communications,Mediation Engine (ImageMagick),3.1,9.8,Network,Low,None,None,Un- changed,High,High,High,,,,,HTTP,Yes,"5.2, 6.0, 6.1",
CVE-2025-68615,2026-Q2,https://www.oracle.com/security-alerts/cpuapr2026.html,Oracle Communications,Configuration Management Platform (Net-SNMP),3.1,9.8,Network,Low,None,None,Un- changed,High,High,High,,,,,HTTP,Yes,15.0.0.1.0,
CVE-2025-48913,2026-Q2,https://www.oracle.com/security-alerts/cpuapr2026.html,Oracle Communications,Core (Apache CXF),3.1,9.8,Network,Low,None,None,Un- changed,High,High,High,,,,,HTTP,Yes,6.1.1-7.0.0,
CVE-2026-34275,2026-Q2,https://www.oracle.com/security-alerts/cpuapr2026.html,Oracle E-Business Suite,Setup and Administration,3.1,9.8,Network,Low,None,None,Un- changed,High,High,High,,,,,HTTP,Yes,12.2.3-12.2.15,
CVE-2023-34034,2026-Q2,https://www.oracle.com/security-alerts/cpuapr2026.html,Oracle Financial Services Applications,Onboarding Batch Processes (Spring Security),3.1,9.8,Network,Low,None,None,Un- changed,High,High,High,,,,,HTTP,Yes,14.5.0.0.0-14.8.0.0.0,
CVE-2022-45047,2026-Q2,https://www.oracle.com/security-alerts/cpuapr2026.html,Oracle Fusion Middleware,Runtime Server (Apache Mina SSHD),3.1,9.8,Network,Low,None,None,Un- changed,High,High,High,,,,,SSH,Yes,12.2.1.4.0,
CVE-2025-68615,2026-Q2,https://www.oracle.com/security-alerts/cpuapr2026.html,Oracle Fusion Middleware,Docs-ATMI-IB (Net-SNMP),3.1,9.8,Network,Low,None,None,Un- changed,High,High,High,,,,,UDP,Yes,"22.1.0, 22.1.1",
CVE-2026-27727,2026-Q2,https://www.oracle.com/security-alerts/cpuapr2026.html,Oracle Analytics,Platform Security (Mchange Commons Java),3.1,9.8,Network,Low,None,None,Un- changed,High,High,High,,,,,LDAP,Yes,"7.6.0.0.0, 8.2.0.0.0",
CVE-2025-15467,2026-Q2,https://www.oracle.com/security-alerts/cpuapr2026.html,Oracle MySQL,Enterprise Backup (OpenSSL),3.1,9.8,Network,Low,None,None,Un- changed,High,High,High,,,,,TLS,Yes,"8.0.0-8.0.45, 8.4.0-8.4.8, 9.0.0-9.6.0",
CVE-2025-15467,2026-Q2,https://www.oracle.com/security-alerts/cpuapr2026.html,Oracle MySQL,Server: Packaging (OpenSSL),3.1,9.8,Network,Low,None,None,Un- changed,High,High,High,,,,,MySQL Protocol,Yes,"8.0.0-8.0.45, 8.4.0-8.4.8, 9.0.0-9.6.0",
CVE-2025-15467,2026-Q2,https://www.oracle.com/security-alerts/cpuapr2026.html,Oracle MySQL,MySQL Workbench (OpenSSL),3.1,9.8,Network,Low,None,None,Un- changed,High,High,High,,,,,MySQL Workbench,Yes,8.0.0-8.0.46,
CVE-2025-12543,2026-Q2,https://www.oracle.com/security-alerts/cpuapr2026.html,Oracle Communications,"Alarms, KPI, and Measurements (Undertow)",3.1,9.6,Network,Low,None,Required,Changed,High,High,High,,,,,HTTP,Yes,25.1.200,
CVE-2025-12543,2026-Q2,https://www.oracle.com/security-alerts/cpuapr2026.html,Oracle Communications,Install (Undertow),3.1,9.6,Network,Low,None,Required,Changed,High,High,High,,,,,HTTP,Yes,"25.1.100, 25.1.200",
CVE-2024-5535,2026-Q2,https://www.oracle.com/security-alerts/cpuapr2026.html,Oracle Communications,Install (OpenSSL),3.1,9.1,Network,Low,None,None,Un- changed,High,None,High,,,,,TLS,Yes,25.1.100,
CVE-2025-55130,2026-Q2,https://www.oracle.com/security-alerts/cpuapr2026.html,Oracle Communications,Install (Node.js),3.1,9.1,Network,Low,None,None,Un- changed,High,High,None,,,,,HTTP,Yes,25.1.202,
CVE-2025-58050,2026-Q2,https://www.oracle.com/security-alerts/cpuapr2026.html,Oracle Communications,Mediation Engine (PCRE2),3.1,9.1,Network,Low,None,None,Un- changed,High,None,High,,,,,HTTP,Yes,"5.2, 6.0",
CVE-2024-51504,2026-Q2,https://www.oracle.com/security-alerts/cpuapr2026.html,Oracle E-Business Suite,Core (Apache ZooKeeper),3.1,9.1,Network,Low,None,None,Un- changed,High,None,High,,,,,TCP,Yes,15.0,
CVE-2026-34279,2026-Q2,https://www.oracle.com/security-alerts/cpuapr2026.html,Oracle Enterprise Manager,Event Management,3.1,9.1,Network,Low,High,None,Changed,High,High,High,,,,,HTTP,No,"13.5, 24.1",
CVE-2023-44981,2026-Q2,https://www.oracle.com/security-alerts/cpuapr2026.html,Oracle Financial Services Applications,Base (Apache ZooKeeper),3.1,9.1,Network,Low,None,None,Un- changed,High,High,None,,,,,HTTP,Yes,14.5.0.0.0-14.8.0.0.0,
CVE-2023-44981,2026-Q2,https://www.oracle.com/security-alerts/cpuapr2026.html,Oracle Financial Services Applications,Security (Apache ZooKeeper),3.1,9.1,Network,Low,None,None,Un- changed,High,High,None,,,,,HTTP,Yes,14.5.0.0.0-14.8.0.0.0,
CVE-2023-44981,2026-Q2,https://www.oracle.com/security-alerts/cpuapr2026.html,Oracle Financial Services Applications,Common (Apache ZooKeeper),3.1,9.1,Network,Low,None,None,Un- changed,High,High,None,,,,,HTTP,Yes,14.5.0.0.0-14.8.0.0.0,
CVE-2026-34285,2026-Q2,https://www.oracle.com/security-alerts/cpuapr2026.html,Oracle Fusion Middleware,Core,3.1,9.1,Network,Low,None,None,Un- changed,High,High,None,,,,,HTTPS,Yes,12.2.1.4.0,
CVE-2026-34286,2026-Q2,https://www.oracle.com/security-alerts/cpuapr2026.html,Oracle Fusion Middleware,Core,3.1,9.1,Network,Low,None,None,Un- changed,High,High,None,,,,,HTTPS,Yes,12.2.1.4.0,
CVE-2026-34287,2026-Q2,https://www.oracle.com/security-alerts/cpuapr2026.html,Oracle Fusion Middleware,Core,3.1,9.1,Network,Low,None,None,Un- changed,High,High,None,,,,,HTTPS,Yes,12.2.1.4.0,
CVE-2021-45046,2026-Q2,https://www.oracle.com/security-alerts/cpuapr2026.html,Oracle Fusion Middleware,Centralized Thirdparty Jars (Apache Log4j),3.1,9.0,Network,High,None,None,Changed,High,High,High,,,,,HTTP,Yes,12.2.1.4.0,
CVE-2026-27830,2026-Q2,https://www.oracle.com/security-alerts/cpuapr2026.html,Oracle Analytics,Platform Security (c3p0),3.1,9.0,Adjacent Network,Low,Low,None,Changed,High,High,High,,,,,LDAP,No,"7.6.0.0.0, 8.2.0.0.0",
CVE-2024-6387,2026-Q2,https://www.oracle.com/security-alerts/cpuapr2026.html,Oracle Systems,Firmware subsystem (OpenSSH),3.1,9.0,Network,High,None,None,Changed,High,High,High,,,,,HTTPS,Yes,8.8,
CVE-2025-48734,2026-Q2,https://www.oracle.com/security-alerts/cpuapr2026.html,Oracle Commerce,Experience Manager (Apache Commons BeanUtils),3.1,8.8,Network,Low,Low,None,Un- changed,High,High,High,,,,,HTTP,No,11.4.0,
CVE-2025-15467,2026-Q2,https://www.oracle.com/security-alerts/cpuapr2026.html,Oracle Communications,Configuration (OpenSSL),3.1,8.8,Network,Low,None,Required,Un- changed,High,High,High,,,,,HTTPS,Yes,25.1.201,
CVE-2025-15467,2026-Q2,https://www.oracle.com/security-alerts/cpuapr2026.html,Oracle Communications,Configuration (OpenSSL),3.1,8.8,Network,Low,None,Required,Un- changed,High,High,High,,,,,TLS,Yes,25.1.201,
CVE-2025-9900,2026-Q2,https://www.oracle.com/security-alerts/cpuapr2026.html,Oracle Communications,Signaling (LibTIFF),3.1,8.8,Network,Low,None,Required,Un- changed,High,High,High,,,,,HTTP,Yes,25.1.204,
CVE-2025-9900,2026-Q2,https://www.oracle.com/security-alerts/cpuapr2026.html,Oracle Communications,Install (LibTIFF),3.1,8.8,Network,Low,None,Required,Un- changed,High,High,High,,,,,HTTP,Yes,"25.1.100, 25.1.200",
CVE-2025-48734,2026-Q2,https://www.oracle.com/security-alerts/cpuapr2026.html,Oracle E-Business Suite,User Interface (Apache Commons BeanUtils),3.1,8.8,Network,Low,Low,None,Un- changed,High,High,High,,,,,HTTP,No,12.2.3-12.2.15,
CVE-2025-48734,2026-Q2,https://www.oracle.com/security-alerts/cpuapr2026.html,Oracle E-Business Suite,Security (Apache Commons BeanUtils),3.1,8.8,Network,Low,Low,None,Un- changed,High,High,High,,,,,HTTP,No,12.2.3-12.2.15,
CVE-2025-48734,2026-Q2,https://www.oracle.com/security-alerts/cpuapr2026.html,Oracle E-Business Suite,Web Service (Apache Commons BeanUtils),3.1,8.8,Network,Low,Low,None,Un- changed,High,High,High,,,,,HTTP,No,12.2.3-12.2.15,
CVE-2025-48734,2026-Q2,https://www.oracle.com/security-alerts/cpuapr2026.html,Oracle E-Business Suite,iProcurement ECC shopping (Apache Commons BeanUtils),3.1,8.8,Network,Low,Low,None,Un- changed,High,High,High,,,,,HTTP,No,12.2.3-12.2.15,
CVE-2025-48734,2026-Q2,https://www.oracle.com/security-alerts/cpuapr2026.html,Oracle E-Business Suite,User Interface (Apache Commons BeanUtils),3.1,8.8,Network,Low,Low,None,Un- changed,High,High,High,,,,,HTTP,No,12.2.3-12.2.15,
CVE-2025-48734,2026-Q2,https://www.oracle.com/security-alerts/cpuapr2026.html,Oracle E-Business Suite,Installation (Apache Commons BeanUtils),3.1,8.8,Network,Low,Low,None,Un- changed,High,High,High,,,,,HTTP,No,12.2.4-12.2.15,
CVE-2025-48734,2026-Q2,https://www.oracle.com/security-alerts/cpuapr2026.html,Oracle Financial Services Applications,Base (Apache Commons BeanUtils),3.1,8.8,Network,Low,Low,None,Un- changed,High,High,High,,,,,HTTP,No,14.5.0.0.0-14.8.0.0.0,
CVE-2025-48734,2026-Q2,https://www.oracle.com/security-alerts/cpuapr2026.html,Oracle Financial Services Applications,Configuration (Apache Commons BeanUtils),3.1,8.8,Network,Low,Low,None,Un- changed,High,High,High,,,,,HTTP,No,14.6.0.0.0-14.8.0.0.0,
CVE-2025-48734,2026-Q2,https://www.oracle.com/security-alerts/cpuapr2026.html,Oracle Financial Services Applications,Logger (Apache Commons BeanUtils),3.1,8.8,Network,Low,Low,None,Un- changed,High,High,High,,,,,HTTP,No,1.0.2.1,
CVE-2025-48734,2026-Q2,https://www.oracle.com/security-alerts/cpuapr2026.html,Oracle Analytics,Platform Security (Apache Commons BeanUtils),3.1,8.8,Network,Low,Low,None,Un- changed,High,High,High,,,,,HTTP,No,"7.6.0.0.0, 8.2.0.0.0",
CVE-2025-15467,2026-Q2,https://www.oracle.com/security-alerts/cpuapr2026.html,Oracle Analytics,BI Platform Security (OpenSSL),3.1,8.8,Network,Low,None,Required,Un- changed,High,High,High,,,,,TLS,Yes,8.2.0.0.0,
CVE-2025-15467,2026-Q2,https://www.oracle.com/security-alerts/cpuapr2026.html,Oracle PeopleSoft,Security (OpenSSL),3.1,8.8,Network,Low,None,Required,Un- changed,High,High,High,,,,,HTTPS,Yes,8.61-8.62,
CVE-2025-9900,2026-Q2,https://www.oracle.com/security-alerts/cpuapr2026.html,Oracle Supply Chain,Security (LibTIFF),3.1,8.8,Network,Low,None,Required,Un- changed,High,High,High,,,,,HTTP,Yes,21.1.0,See Note 1
CVE-2026-34291,2026-Q2,https://www.oracle.com/security-alerts/cpuapr2026.html,Oracle Fusion Middleware,Core,3.1,8.7,Network,High,None,None,Changed,High,High,None,,,,,HTTP,Yes,"12.2.1.4.0, 14.1.2.0.0",
CVE-2024-56406,2026-Q2,https://www.oracle.com/security-alerts/cpuapr2026.html,Oracle Commerce,Endeca Application Controller (Perl),3.1,8.6,Network,Low,None,None,Un- changed,Low,Low,High,,,,,HTTP,Yes,11.4.0,
CVE-2024-56406,2026-Q2,https://www.oracle.com/security-alerts/cpuapr2026.html,Oracle Enterprise Manager,Agent Next Gen (Perl),3.1,8.6,Network,Low,None,None,Un- changed,Low,Low,High,,,,,HTTP,Yes,"13.5, 24.1",
CVE-2024-56406,2026-Q2,https://www.oracle.com/security-alerts/cpuapr2026.html,Oracle Enterprise Manager,Enterprise Manager Install (Perl),3.1,8.6,Network,Low,None,None,Un- changed,Low,Low,High,,,,,HTTP,Yes,"13.5, 24.1",
CVE-2026-21997,2026-Q2,https://www.oracle.com/security-alerts/cpuapr2026.html,Oracle Life Science Applications,Common Core,3.1,8.5,Network,Low,Low,None,Changed,Low,High,None,,,,,HTTP,No,9.2.1-9.2.3,
CVE-2026-0861,2026-Q2,https://www.oracle.com/security-alerts/cpuapr2026.html,Oracle Communications,Configuration (glibc),3.1,8.4,Local,Low,None,None,Un- changed,High,High,High,,,,,None,No,"25.1.200, 25.2.200",
CVE-2025-55754,2026-Q2,https://www.oracle.com/security-alerts/cpuapr2026.html,Oracle Communications,Core (Apache Pulsar),3.1,8.4,Network,Low,High,Required,Changed,High,High,High,,,,,HTTP,No,6.1.1-7.0.0,
CVE-2026-0861,2026-Q2,https://www.oracle.com/security-alerts/cpuapr2026.html,Oracle Communications,Third Party (glibc),3.1,8.4,Local,Low,None,None,Un- changed,High,High,High,,,,,None,No,"7.7.0, 7.8.0, 8.0.0",
CVE-2026-0861,2026-Q2,https://www.oracle.com/security-alerts/cpuapr2026.html,Oracle Communications,Mediation Engine (glibc),3.1,8.4,Local,Low,None,None,Un- changed,High,High,High,,,,,None,No,6.1.0.0.0,
CVE-2025-58098,2026-Q2,https://www.oracle.com/security-alerts/cpuapr2026.html,Oracle Communications,ATS Framework (Apache HTTP Server),3.1,8.3,Network,Low,Low,None,Un- changed,High,High,Low,,,,,HTTP,No,"25.1.200, 25.2.100",
CVE-2025-58098,2026-Q2,https://www.oracle.com/security-alerts/cpuapr2026.html,Oracle Communications,ATS Framework (Apache HTTP Server),3.1,8.3,Network,Low,Low,None,Un- changed,High,High,Low,,,,,HTTP,No,"25.1.202, 25.2.100",
CVE-2025-58098,2026-Q2,https://www.oracle.com/security-alerts/cpuapr2026.html,Oracle Communications,ATS Framework (Apache HTTP Server),3.1,8.3,Network,Low,Low,None,Un- changed,High,High,Low,,,,,HTTP,No,25.1.200,
CVE-2025-58098,2026-Q2,https://www.oracle.com/security-alerts/cpuapr2026.html,Oracle Fusion Middleware,Core (Apache HTTP Server),3.1,8.3,Network,Low,Low,None,Un- changed,High,High,Low,,,,,HTTP,No,"12.2.1.4.0, 14.1.2.0.0",
CVE-2025-32990,2026-Q2,https://www.oracle.com/security-alerts/cpuapr2026.html,Oracle Communications,Configuration (GnuTLS),3.1,8.2,Network,Low,None,None,Un- changed,None,Low,High,,,,,TLS,Yes,25.1.200,
CVE-2025-32990,2026-Q2,https://www.oracle.com/security-alerts/cpuapr2026.html,Oracle Communications,Signaling (GnuTLS),3.1,8.2,Network,Low,None,None,Un- changed,None,Low,High,,,,,TLS,Yes,"25.1.202, 25.2.100",
CVE-2026-22022,2026-Q2,https://www.oracle.com/security-alerts/cpuapr2026.html,Oracle Communications,Core (Apache Solr),3.1,8.2,Network,Low,None,None,Un- changed,High,Low,None,,,,,HTTP,Yes,6.1.1-7.0.0,
CVE-2025-5318,2026-Q2,https://www.oracle.com/security-alerts/cpuapr2026.html,Oracle Communications,Signaling (libssh),3.1,8.1,Network,Low,Low,None,Un- changed,High,None,High,,,,,SFTP,No,25.1.204,
CVE-2025-5318,2026-Q2,https://www.oracle.com/security-alerts/cpuapr2026.html,Oracle Communications,ATS Framework (libssh),3.1,8.1,Network,Low,Low,None,Un- changed,High,None,High,,,,,SFTP,No,25.1.200,
CVE-2025-5318,2026-Q2,https://www.oracle.com/security-alerts/cpuapr2026.html,Oracle Communications,Install (libssh),3.1,8.1,Network,Low,Low,None,Un- changed,High,None,High,,,,,SFTP,No,"25.1.202, 25.2.100",
CVE-2025-5318,2026-Q2,https://www.oracle.com/security-alerts/cpuapr2026.html,Oracle Communications,Other (libssh),3.1,8.1,Network,Low,Low,None,Un- changed,High,None,High,,,,,SFTP,No,17.0-17.1,
CVE-2025-5318,2026-Q2,https://www.oracle.com/security-alerts/cpuapr2026.html,Oracle Communications,Patches (libssh),3.1,8.1,Network,Low,Low,None,Un- changed,High,None,High,,,,,SFTP,No,11.0,
CVE-2025-5318,2026-Q2,https://www.oracle.com/security-alerts/cpuapr2026.html,Oracle Communications,Platform (libssh),3.1,8.1,Network,Low,Low,None,Un- changed,High,None,High,,,,,SFTP,No,14.0,
CVE-2026-25646,2026-Q2,https://www.oracle.com/security-alerts/cpuapr2026.html,Oracle Communications,Configuration Management Platform (libpng),3.1,8.1,Network,High,None,None,Un- changed,High,High,High,,,,,HTTP,Yes,15.0.0.0.0,
CVE-2025-5318,2026-Q2,https://www.oracle.com/security-alerts/cpuapr2026.html,Oracle Communications,Routing (libssh),3.1,8.1,Network,Low,Low,None,Un- changed,High,None,High,,,,,SFTP,No,"9.3.0, 10.0.0, 10.1.0",
CVE-2026-25646,2026-Q2,https://www.oracle.com/security-alerts/cpuapr2026.html,Oracle Fusion Middleware,DC-Specific Component (libpng),3.1,8.1,Network,High,None,None,Un- changed,High,High,High,,,,,HTTP,Yes,8.5.8,
CVE-2025-46762,2026-Q2,https://www.oracle.com/security-alerts/cpuapr2026.html,Oracle Analytics,Platform Security (Apache Parquet Java),3.1,8.1,Network,High,None,None,Un- changed,High,High,High,,,,,HTTP,Yes,8.2.0.0.0,
CVE-2026-34309,2026-Q2,https://www.oracle.com/security-alerts/cpuapr2026.html,Oracle PeopleSoft,Security,3.1,8.1,Network,Low,Low,None,Un- changed,High,High,None,,,,,HTTP,No,8.61-8.62,
CVE-2026-27099,2026-Q2,https://www.oracle.com/security-alerts/cpuapr2026.html,Oracle Communications,Install (Jenkins),3.1,8.0,Network,Low,Low,Required,Un- changed,High,High,High,,,,,HTTP,No,25.1.200,
CVE-2026-27099,2026-Q2,https://www.oracle.com/security-alerts/cpuapr2026.html,Oracle Communications,Install (Jenkins),3.1,8.0,Network,Low,Low,Required,Un- changed,High,High,High,,,,,HTTP,No,24.2.1,
CVE-2026-27099,2026-Q2,https://www.oracle.com/security-alerts/cpuapr2026.html,Oracle Communications,Install (Jenkins),3.1,8.0,Network,Low,Low,Required,Un- changed,High,High,High,,,,,HTTP,No,25.1.204,
CVE-2026-27099,2026-Q2,https://www.oracle.com/security-alerts/cpuapr2026.html,Oracle Communications,"Alarms, KPI, and Measurements (Jenkins)",3.1,8.0,Network,Low,Low,Required,Un- changed,High,High,High,,,,,HTTP,No,25.1.200,
CVE-2026-27099,2026-Q2,https://www.oracle.com/security-alerts/cpuapr2026.html,Oracle Communications,Automated Test Suite (Jenkins),3.1,8.0,Network,Low,Low,Required,Un- changed,High,High,High,,,,,HTTP,No,25.1.200,
CVE-2026-27099,2026-Q2,https://www.oracle.com/security-alerts/cpuapr2026.html,Oracle Communications,ATS Framework (Jenkins),3.1,8.0,Network,Low,Low,Required,Un- changed,High,High,High,,,,,HTTP,No,"25.1.200, 25.2.100",
CVE-2025-68973,2026-Q2,https://www.oracle.com/security-alerts/cpuapr2026.html,Oracle Communications,Configuration (GnuPG),3.1,7.8,Local,High,None,None,Changed,High,High,None,,,,,None,No,25.1.201,
CVE-2025-68973,2026-Q2,https://www.oracle.com/security-alerts/cpuapr2026.html,Oracle Communications,Configuration (GnuPG),3.1,7.8,Local,High,None,None,Changed,High,High,None,,,,,None,No,25.1.201,
CVE-2026-25210,2026-Q2,https://www.oracle.com/security-alerts/cpuapr2026.html,Oracle Financial Services Applications,Third Party (LibExpat),3.1,7.8,Local,Low,Low,None,Un- changed,High,High,High,,,,,None,No,"8.0.8.1, 8.1.2.10, 8.1.2.11",
CVE-2026-25210,2026-Q2,https://www.oracle.com/security-alerts/cpuapr2026.html,Oracle Financial Services Applications,Platform (LibExpat),3.1,7.8,Local,Low,Low,None,Un- changed,High,High,High,,,,,None,No,8.0.8,
CVE-2026-35243,2026-Q2,https://www.oracle.com/security-alerts/cpuapr2026.html,Oracle Fusion Middleware,ADF Faces,3.1,7.8,Local,Low,Low,None,Un- changed,High,High,High,,,,,None,No,"12.2.1.4.0, 14.1.2.0.0",
CVE-2026-25210,2026-Q2,https://www.oracle.com/security-alerts/cpuapr2026.html,Oracle Fusion Middleware,DC-Specific Component (LibExpat),3.1,7.8,Local,Low,Low,None,Un- changed,High,High,High,,,,,None,No,8.5.8,
CVE-2026-22184,2026-Q2,https://www.oracle.com/security-alerts/cpuapr2026.html,Oracle Fusion Middleware,Outside In Maintenance (zlib),3.1,7.8,Local,Low,Low,None,Un- changed,High,High,High,,,,,None,No,8.5.8,
CVE-2026-22801,2026-Q2,https://www.oracle.com/security-alerts/cpuapr2026.html,Oracle Supply Chain,Security (libpng),3.1,7.8,Local,Low,Low,None,Un- changed,High,High,High,,,,,None,No,21.1.0,See Note 1
CVE-2025-13601,2026-Q2,https://www.oracle.com/security-alerts/cpuapr2026.html,Oracle Siebel CRM,Siebel Cloud Manager (glib),3.1,7.7,Local,Low,None,None,Un- changed,None,High,High,,,,,None,No,17.0-26.2,
CVE-2026-22011,2026-Q2,https://www.oracle.com/security-alerts/cpuapr2026.html,Oracle E-Business Suite,ADPatch,3.1,7.6,Network,High,High,Required,Changed,High,High,High,,,,,HTTP,No,12.2.3-12.2.15,
CVE-2026-33870,2026-Q2,https://www.oracle.com/security-alerts/cpuapr2026.html,Oracle Database Server,Clusterware (Micronaut),3.1,7.5,Network,Low,None,None,Un- changed,None,High,None,,,,None,HTTP,Yes,"19.3-19.30, 23.4.0-23.26.1",
CVE-2026-35229,2026-Q2,https://www.oracle.com/security-alerts/cpuapr2026.html,Oracle Database Server,Java VM,3.1,7.5,Network,Low,None,None,Un- changed,High,None,None,,,,Create Session,Oracle Net,Yes,"19.3-19.30, 21.3-21.21",
CVE-2025-48976,2026-Q2,https://www.oracle.com/security-alerts/cpuapr2026.html,Oracle Adapter for Eclipse RDF4J,Adapter for Eclipse RDF (Apache Commons FileUpload),3.1,7.5,Network,Low,None,None,Un- changed,None,None,High,,,,,HTTP,Yes,3.12.0,
CVE-2025-61729,2026-Q2,https://www.oracle.com/security-alerts/cpuapr2026.html,Oracle Blockchain Platform,BCS Console (Golang Go),3.1,7.5,Network,Low,None,None,Un- changed,None,None,High,,,,,HTTP,Yes,24.1.3,
CVE-2025-59465,2026-Q2,https://www.oracle.com/security-alerts/cpuapr2026.html,Oracle Blockchain Platform,BCS Console (Node.js),3.1,7.5,Network,Low,None,None,Un- changed,None,None,High,,,,,HTTP/2,Yes,24.1.3,
CVE-2025-66566,2026-Q2,https://www.oracle.com/security-alerts/cpuapr2026.html,Oracle GoldenGate,General (lz4-java),3.1,7.5,Network,Low,None,None,Un- changed,High,None,None,,,,,HTTP,Yes,19.1.0.0.0-19.1.0.0.14,
CVE-2025-5115,2026-Q2,https://www.oracle.com/security-alerts/cpuapr2026.html,Oracle REST Data Services,Third Party (Eclipse Jetty),3.1,7.5,Network,Low,None,None,Un- changed,None,None,High,,,,,HTTP/2,Yes,"24.2.0, 24.2.1, 24.3.0, 24.3.1, 24.4.0, 25.1.1, 25.2.0, 25.2.1, 25.2.2, 25.2.3,",
CVE-2026-24734,2026-Q2,https://www.oracle.com/security-alerts/cpuapr2026.html,Oracle Commerce,"Content Acquisition System, Endeca Application Controller, Experience Manager (Apache Tomcat)",3.1,7.5,Network,Low,None,None,Un- changed,None,High,None,,,,,HTTP,Yes,11.4.0,
CVE-2025-66566,2026-Q2,https://www.oracle.com/security-alerts/cpuapr2026.html,Oracle Communications,Security (lz4-java),3.1,7.5,Network,Low,None,None,Un- changed,High,None,None,,,,,HTTP,Yes,"15.0.0.0-15.0.1.0, 15.1.0.0-15.2.0.0",
CVE-2026-21945,2026-Q2,https://www.oracle.com/security-alerts/cpuapr2026.html,Oracle Communications,Oracle Java SE,3.1,7.5,Network,Low,None,None,Un- changed,None,None,High,,,,,HTTP,Yes,25.1.201,
CVE-2026-21945,2026-Q2,https://www.oracle.com/security-alerts/cpuapr2026.html,Oracle Communications,Oracle Java SE,3.1,7.5,Network,Low,None,None,Un- changed,None,None,High,,,,,HTTP,Yes,25.1.201,
CVE-2025-8194,2026-Q2,https://www.oracle.com/security-alerts/cpuapr2026.html,Oracle Communications,Configuration (Python),3.1,7.5,Network,Low,None,None,Un- changed,None,None,High,,,,,HTTP,Yes,25.2.100,
CVE-2025-41253,2026-Q2,https://www.oracle.com/security-alerts/cpuapr2026.html,Oracle Communications,Install (Spring Cloud Gateway),3.1,7.5,Network,Low,None,None,Un- changed,High,None,None,,,,,HTTP,Yes,24.2.4,
CVE-2025-41249,2026-Q2,https://www.oracle.com/security-alerts/cpuapr2026.html,Oracle Communications,Install (Spring Framework),3.1,7.5,Network,Low,None,None,Un- changed,High,None,None,,,,,HTTP,Yes,24.2.1,
CVE-2025-48976,2026-Q2,https://www.oracle.com/security-alerts/cpuapr2026.html,Oracle Communications,Platform (Apache Commons FileUpload),3.1,7.5,Network,Low,None,None,Un- changed,None,None,High,,,,,HTTP,Yes,24.2.1,
CVE-2024-8184,2026-Q2,https://www.oracle.com/security-alerts/cpuapr2026.html,Oracle Communications,Platform (Eclipse Jetty),3.1,7.5,Network,Low,None,None,Un- changed,None,None,High,,,,,HTTP,Yes,24.2.1,
CVE-2025-13151,2026-Q2,https://www.oracle.com/security-alerts/cpuapr2026.html,Oracle Communications,Platform (Libtasn1),3.1,7.5,Network,Low,None,None,Un- changed,None,None,High,,,,,HTTP,Yes,24.2.1,
CVE-2023-34453,2026-Q2,https://www.oracle.com/security-alerts/cpuapr2026.html,Oracle Communications,Platform (Snappy),3.1,7.5,Network,Low,None,None,Un- changed,None,None,High,,,,,HTTP,Yes,24.2.1,
CVE-2025-55163,2026-Q2,https://www.oracle.com/security-alerts/cpuapr2026.html,Oracle Communications,Configuration (Netty),3.1,7.5,Network,Low,None,None,Un- changed,None,None,High,,,,,HTTP/2,Yes,"25.1.200, 25.2.200",
CVE-2025-41253,2026-Q2,https://www.oracle.com/security-alerts/cpuapr2026.html,Oracle Communications,Install (Spring Cloud Gateway),3.1,7.5,Network,Low,None,None,Un- changed,High,None,None,,,,,HTTP,Yes,25.1.204,
CVE-2025-48976,2026-Q2,https://www.oracle.com/security-alerts/cpuapr2026.html,Oracle Communications,Signaling (Apache Commons FileUpload),3.1,7.5,Network,Low,None,None,Un- changed,None,None,High,,,,,HTTP,Yes,25.1.204,
CVE-2025-41248,2026-Q2,https://www.oracle.com/security-alerts/cpuapr2026.html,Oracle Communications,Signaling (Spring Security),3.1,7.5,Network,Low,None,None,Un- changed,High,None,None,,,,,HTTP,Yes,25.1.204,
CVE-2025-66418,2026-Q2,https://www.oracle.com/security-alerts/cpuapr2026.html,Oracle Communications,Signaling (urllib3),3.1,7.5,Network,Low,None,None,Un- changed,None,None,High,,,,,HTTP,Yes,25.1.204,
CVE-2025-55163,2026-Q2,https://www.oracle.com/security-alerts/cpuapr2026.html,Oracle Communications,Signaling (Netty),3.1,7.5,Network,Low,None,None,Un- changed,None,None,High,,,,,HTTP/2,Yes,25.1.204,
CVE-2025-67635,2026-Q2,https://www.oracle.com/security-alerts/cpuapr2026.html,Oracle Communications,Install (Jenkins),3.1,7.5,Network,Low,None,None,Un- changed,None,None,High,,,,,HTTP,Yes,"25.1.100, 25.1.200",
CVE-2025-13151,2026-Q2,https://www.oracle.com/security-alerts/cpuapr2026.html,Oracle Communications,Install (Libtasn1),3.1,7.5,Network,Low,None,None,Un- changed,None,None,High,,,,,HTTP,Yes,"25.1.100, 25.1.200",
CVE-2025-41253,2026-Q2,https://www.oracle.com/security-alerts/cpuapr2026.html,Oracle Communications,Install (Spring Cloud Gateway),3.1,7.5,Network,Low,None,None,Un- changed,High,None,None,,,,,HTTP,Yes,"25.1.100, 25.1.200",
CVE-2026-21452,2026-Q2,https://www.oracle.com/security-alerts/cpuapr2026.html,Oracle Communications,Configuration (MessagePack),3.1,7.5,Network,Low,None,None,Un- changed,None,None,High,,,,,HTTP,Yes,25.1.200,
CVE-2026-23490,2026-Q2,https://www.oracle.com/security-alerts/cpuapr2026.html,Oracle Communications,Configuration (pyasn1),3.1,7.5,Network,Low,None,None,Un- changed,None,None,High,,,,,HTTP,Yes,25.1.202,
CVE-2026-21441,2026-Q2,https://www.oracle.com/security-alerts/cpuapr2026.html,Oracle Communications,Configuration (urllib3),3.1,7.5,Network,Low,None,None,Un- changed,None,None,High,,,,,HTTP,Yes,25.1.200,
CVE-2026-33870,2026-Q2,https://www.oracle.com/security-alerts/cpuapr2026.html,Oracle Communications,Install (Netty),3.1,7.5,Network,Low,None,None,Un- changed,None,High,None,,,,,HTTP,Yes,25.1.200,
CVE-2021-0341,2026-Q2,https://www.oracle.com/security-alerts/cpuapr2026.html,Oracle Communications,Install (OkHttp),3.1,7.5,Network,Low,None,None,Un- changed,High,None,None,,,,,HTTP,Yes,25.1.200,
CVE-2025-67635,2026-Q2,https://www.oracle.com/security-alerts/cpuapr2026.html,Oracle Communications,ATS Framework (Jenkins),3.1,7.5,Network,Low,None,None,Un- changed,None,None,High,,,,,HTTP,Yes,"25.1.200, 25.2.100",
CVE-2025-66418,2026-Q2,https://www.oracle.com/security-alerts/cpuapr2026.html,Oracle Communications,ATS Framework (urllib3),3.1,7.5,Network,Low,None,None,Un- changed,None,None,High,,,,,HTTP,Yes,25.1.200,
CVE-2025-5115,2026-Q2,https://www.oracle.com/security-alerts/cpuapr2026.html,Oracle Communications,Automated Test Suite (Eclipse Jetty),3.1,7.5,Network,Low,None,None,Un- changed,None,None,High,,,,,HTTP,Yes,"25.1.201, 25.2.100",
CVE-2025-41249,2026-Q2,https://www.oracle.com/security-alerts/cpuapr2026.html,Oracle Communications,Signaling (Spring Framework),3.1,7.5,Network,Low,None,None,Un- changed,High,None,None,,,,,HTTP,Yes,25.1.200,
CVE-2025-55163,2026-Q2,https://www.oracle.com/security-alerts/cpuapr2026.html,Oracle Communications,Signaling (Netty),3.1,7.5,Network,Low,None,None,Un- changed,None,None,High,,,,,HTTP/2,Yes,25.1.201,
CVE-2025-5115,2026-Q2,https://www.oracle.com/security-alerts/cpuapr2026.html,Oracle Communications,Install (Eclipse Jetty),3.1,7.5,Network,Low,None,None,Un- changed,None,None,High,,,,,HTTP,Yes,25.1.200,
CVE-2025-67635,2026-Q2,https://www.oracle.com/security-alerts/cpuapr2026.html,Oracle Communications,Signaling (Jenkins),3.1,7.5,Network,Low,None,None,Un- changed,None,None,High,,,,,HTTP,Yes,"25.1.202, 25.2.100",
CVE-2025-58057,2026-Q2,https://www.oracle.com/security-alerts/cpuapr2026.html,Oracle Communications,Signaling (Netty),3.1,7.5,Network,Low,None,None,Un- changed,None,None,High,,,,,HTTP,Yes,"25.1.100, 25.2.100",
CVE-2025-66418,2026-Q2,https://www.oracle.com/security-alerts/cpuapr2026.html,Oracle Communications,Signaling (urllib3),3.1,7.5,Network,Low,None,None,Un- changed,None,None,High,,,,,HTTP,Yes,"25.1.202, 25.2.100",
CVE-2025-13151,2026-Q2,https://www.oracle.com/security-alerts/cpuapr2026.html,Oracle Communications,ATS Framework (Libtasn1),3.1,7.5,Network,Low,None,None,Un- changed,None,None,High,,,,,HTTP,Yes,25.1.200,
CVE-2025-66418,2026-Q2,https://www.oracle.com/security-alerts/cpuapr2026.html,Oracle Communications,ATS Framework (urllib3),3.1,7.5,Network,Low,None,None,Un- changed,None,None,High,,,,,HTTP,Yes,25.1.200,
CVE-2026-21441,2026-Q2,https://www.oracle.com/security-alerts/cpuapr2026.html,Oracle Communications,Install (urllib3),3.1,7.5,Network,Low,None,None,Un- changed,None,None,High,,,,,HTTP,Yes,"25.1.100, 25.1.200",
CVE-2025-5115,2026-Q2,https://www.oracle.com/security-alerts/cpuapr2026.html,Oracle Communications,Security (Eclipse Jetty),3.1,7.5,Network,Low,None,None,Un- changed,None,None,High,,,,,HTTP,Yes,47.0.0.1.0,
CVE-2026-24734,2026-Q2,https://www.oracle.com/security-alerts/cpuapr2026.html,Oracle Communications,Third Party (Apache Tomcat),3.1,7.5,Network,Low,None,None,Un- changed,None,High,None,,,,,HTTP,Yes,9.0.0-9.0.4,
CVE-2025-26333,2026-Q2,https://www.oracle.com/security-alerts/cpuapr2026.html,Oracle Communications,Other (BSAFE Crypto-J),3.1,7.5,Network,Low,None,None,Un- changed,High,None,None,,,,,HTTP,Yes,"7.3.6, 7.4.0, 7.5.0, 8.0.0",
CVE-2025-69223,2026-Q2,https://www.oracle.com/security-alerts/cpuapr2026.html,Oracle Communications,Mediation Engine (AIOHTTP),3.1,7.5,Network,Low,None,None,Un- changed,None,None,High,,,,,HTTP,Yes,"5.2, 6.0, 6.1",
CVE-2026-24734,2026-Q2,https://www.oracle.com/security-alerts/cpuapr2026.html,Oracle Communications,Configuration Management Platform (Apache Tomcat),3.1,7.5,Network,Low,None,None,Un- changed,None,High,None,,,,,HTTP,Yes,15.0.0.0.0,
CVE-2026-21441,2026-Q2,https://www.oracle.com/security-alerts/cpuapr2026.html,Oracle Communications,Configuration Management Platform (urllib3),3.1,7.5,Network,Low,None,None,Un- changed,None,None,High,,,,,HTTP,Yes,15.0.0.0.0,
CVE-2025-58057,2026-Q2,https://www.oracle.com/security-alerts/cpuapr2026.html,Oracle Communications,Patch Request (Netty),3.1,7.5,Network,Low,None,None,Un- changed,None,None,High,,,,,HTTP,Yes,"8.0.0.6.0, 8.1.0.5.0",
CVE-2025-66566,2026-Q2,https://www.oracle.com/security-alerts/cpuapr2026.html,Oracle Communications,Patch Request (lz4-java),3.1,7.5,Network,Low,None,None,Un- changed,High,None,None,,,,,HTTP,Yes,"8.0.0.6.0, 8.1.0.5.0, 8.2.0.2.0",
CVE-2026-24734,2026-Q2,https://www.oracle.com/security-alerts/cpuapr2026.html,Oracle Communications,Third Party (Apache Tomcat),3.1,7.5,Network,Low,None,None,Un- changed,None,High,None,,,,,HTTP,Yes,9.0.0-9.0.4,
CVE-2025-26333,2026-Q2,https://www.oracle.com/security-alerts/cpuapr2026.html,Oracle Communications,Security Component (BSAFE Crypto-J),3.1,7.5,Network,Low,None,None,Un- changed,High,None,None,,,,,HTTPS,Yes,"7.5.0-7.5.1, 7.6.0-7.8.0, 8.0.0",
CVE-2025-58057,2026-Q2,https://www.oracle.com/security-alerts/cpuapr2026.html,Oracle E-Business Suite,ECC Core (Netty),3.1,7.5,Network,Low,None,None,Un- changed,None,None,High,,,,,HTTP,Yes,15.0,
CVE-2026-34297,2026-Q2,https://www.oracle.com/security-alerts/cpuapr2026.html,Oracle E-Business Suite,Knowledge Integration,3.1,7.5,Network,Low,None,None,Un- changed,High,None,None,,,,,HTTP,Yes,12.2.3-12.2.15,
CVE-2025-26333,2026-Q2,https://www.oracle.com/security-alerts/cpuapr2026.html,Oracle Enterprise Manager,Load Testing for Web Apps (BSAFE Crypto-J),3.1,7.5,Network,Low,None,None,Un- changed,High,None,None,,,,,HTTPS,Yes,13.3.0.1,
CVE-2025-52999,2026-Q2,https://www.oracle.com/security-alerts/cpuapr2026.html,Oracle Enterprise Manager,Security Framework (jackson-core),3.1,7.5,Network,Low,None,None,Un- changed,None,None,High,,,,,HTTP,Yes,13.5,
CVE-2025-41249,2026-Q2,https://www.oracle.com/security-alerts/cpuapr2026.html,Oracle Enterprise Manager,Infrastructure Management (Spring Framework),3.1,7.5,Network,Low,None,None,Un- changed,High,None,None,,,,,HTTP,Yes,"13.5, 24.1",
CVE-2025-41249,2026-Q2,https://www.oracle.com/security-alerts/cpuapr2026.html,Oracle Financial Services Applications,Reports (Spring Framework),3.1,7.5,Network,Low,None,None,Un- changed,High,None,None,,,,,HTTP,Yes,14.5.0.0.0-14.8.0.0.0,
CVE-2025-41248,2026-Q2,https://www.oracle.com/security-alerts/cpuapr2026.html,Oracle Financial Services Applications,Reports (Spring Security),3.1,7.5,Network,Low,None,None,Un- changed,High,None,None,,,,,HTTP,Yes,14.5.0.0.0-14.8.0.0.0,
CVE-2025-66566,2026-Q2,https://www.oracle.com/security-alerts/cpuapr2026.html,Oracle Financial Services Applications,Reports (lz4-java),3.1,7.5,Network,Low,None,None,Un- changed,High,None,None,,,,,HTTP,Yes,14.5.0.0.0-14.8.0.0.0,
CVE-2025-41249,2026-Q2,https://www.oracle.com/security-alerts/cpuapr2026.html,Oracle Financial Services Applications,Accessibility (Spring Framework),3.1,7.5,Network,Low,None,None,Un- changed,High,None,None,,,,,HTTP,Yes,14.8.2.0.0,
CVE-2025-66566,2026-Q2,https://www.oracle.com/security-alerts/cpuapr2026.html,Oracle Financial Services Applications,Common (lz4-java),3.1,7.5,Network,Low,None,None,Un- changed,High,None,None,,,,,HTTP,Yes,14.8.2.0.0,
CVE-2025-48976,2026-Q2,https://www.oracle.com/security-alerts/cpuapr2026.html,Oracle Financial Services Applications,Infrastructure (Apache Commons FileUpload),3.1,7.5,Network,Low,None,None,Un- changed,None,None,High,,,,,HTTP,Yes,14.6.0.0.0-14.8.0.0.0,
CVE-2025-41249,2026-Q2,https://www.oracle.com/security-alerts/cpuapr2026.html,Oracle Financial Services Applications,Core (Spring Framework),3.1,7.5,Network,Low,None,None,Un- changed,High,None,None,,,,,HTTP,Yes,14.5.0.0.0-14.8.0.0.0,
CVE-2025-41249,2026-Q2,https://www.oracle.com/security-alerts/cpuapr2026.html,Oracle Financial Services Applications,Base (Spring Framework),3.1,7.5,Network,Low,None,None,Un- changed,High,None,None,,,,,HTTP,Yes,14.5.0.0.0-14.8.0.0.0,
CVE-2025-66566,2026-Q2,https://www.oracle.com/security-alerts/cpuapr2026.html,Oracle Financial Services Applications,Base (lz4-java),3.1,7.5,Network,Low,None,None,Un- changed,High,None,None,,,,,HTTP,Yes,14.5.0.0.0-14.8.0.0.0,
CVE-2025-48976,2026-Q2,https://www.oracle.com/security-alerts/cpuapr2026.html,Oracle Financial Services Applications,Core (Apache Commons FileUpload),3.1,7.5,Network,Low,None,None,Un- changed,None,None,High,,,,,HTTP,Yes,14.5.0.0.0-14.8.0.0.0,
CVE-2025-27817,2026-Q2,https://www.oracle.com/security-alerts/cpuapr2026.html,Oracle Financial Services Applications,Base (Apache Kafka),3.1,7.5,Network,Low,None,None,Un- changed,High,None,None,,,,,HTTPS,Yes,14.5.0.0.0-14.8.0.0.0,
CVE-2025-48976,2026-Q2,https://www.oracle.com/security-alerts/cpuapr2026.html,Oracle Financial Services Applications,Common (Apache Commons FileUpload),3.1,7.5,Network,Low,None,None,Un- changed,None,None,High,,,,,HTTP,Yes,14.5.0.0.0-14.8.0.0.0,
CVE-2025-5115,2026-Q2,https://www.oracle.com/security-alerts/cpuapr2026.html,Oracle Financial Services Applications,Common (Eclipse Jetty),3.1,7.5,Network,Low,None,None,Un- changed,None,None,High,,,,,HTTP/2,Yes,14.5.0.0.0-14.8.0.0.0,
CVE-2025-27817,2026-Q2,https://www.oracle.com/security-alerts/cpuapr2026.html,Oracle Financial Services Applications,Common (Apache Kafka),3.1,7.5,Network,Low,None,None,Un- changed,High,None,None,,,,,HTTPS,Yes,14.5.0.0.0-14.8.0.0.0,
CVE-2025-48976,2026-Q2,https://www.oracle.com/security-alerts/cpuapr2026.html,Oracle Financial Services Applications,Configuration (Apache Commons FileUpload),3.1,7.5,Network,Low,None,None,Un- changed,None,None,High,,,,,HTTP,Yes,14.6.0.0.0-14.8.0.0.0,
CVE-2025-41249,2026-Q2,https://www.oracle.com/security-alerts/cpuapr2026.html,Oracle Financial Services Applications,Configuration (Spring Framework),3.1,7.5,Network,Low,None,None,Un- changed,High,None,None,,,,,HTTP,Yes,14.6.0.0.0-14.8.0.0.0,
CVE-2025-66566,2026-Q2,https://www.oracle.com/security-alerts/cpuapr2026.html,Oracle Financial Services Applications,Configuration (lz4-java),3.1,7.5,Network,Low,None,None,Un- changed,High,None,None,,,,,HTTP,Yes,14.5.0.0.0-14.8.0.0.0,
CVE-2025-1948,2026-Q2,https://www.oracle.com/security-alerts/cpuapr2026.html,Oracle Financial Services Applications,Configuration (Eclipse Jetty),3.1,7.5,Network,Low,None,None,Un- changed,None,None,High,,,,,HTTP/2,Yes,14.5.0.0.0-14.8.0.0.0,
CVE-2025-55163,2026-Q2,https://www.oracle.com/security-alerts/cpuapr2026.html,Oracle Financial Services Applications,Configuration (Netty),3.1,7.5,Network,Low,None,None,Un- changed,None,None,High,,,,,HTTP/2,Yes,14.6.0.0.0-14.8.0.0.0,
CVE-2025-27817,2026-Q2,https://www.oracle.com/security-alerts/cpuapr2026.html,Oracle Financial Services Applications,Configuration (Apache Kafka),3.1,7.5,Network,Low,None,None,Un- changed,High,None,None,,,,,HTTPS,Yes,14.6.0.0.0-14.8.0.0.0,
CVE-2025-55163,2026-Q2,https://www.oracle.com/security-alerts/cpuapr2026.html,Oracle Financial Services Applications,Payments (Netty),3.1,7.5,Network,Low,None,None,Un- changed,None,None,High,,,,,HTTP/2,Yes,14.5.0.0.0-14.8.0.0.0,
CVE-2025-48976,2026-Q2,https://www.oracle.com/security-alerts/cpuapr2026.html,Oracle Financial Services Applications,Security (Apache Commons FileUpload),3.1,7.5,Network,Low,None,None,Un- changed,None,None,High,,,,,HTTP,Yes,14.5.0.0.0-14.8.0.0.0,
CVE-2025-27817,2026-Q2,https://www.oracle.com/security-alerts/cpuapr2026.html,Oracle Financial Services Applications,Security (Apache Kafka),3.1,7.5,Network,Low,None,None,Un- changed,High,None,None,,,,,HTTPS,Yes,14.5.0.0.0-14.8.0.0.0,
CVE-2025-41249,2026-Q2,https://www.oracle.com/security-alerts/cpuapr2026.html,Oracle Financial Services Applications,Core (Spring Framework),3.1,7.5,Network,Low,None,None,Un- changed,High,None,None,,,,,HTTP,Yes,14.5.0.0.0-14.8.0.0.0,
CVE-2025-48976,2026-Q2,https://www.oracle.com/security-alerts/cpuapr2026.html,Oracle Financial Services Applications,Dashboard (Apache Commons FileUpload),3.1,7.5,Network,Low,None,None,Un- changed,None,None,High,,,,,HTTP,Yes,14.5.0.0.0-14.8.0.0.0,
CVE-2025-55163,2026-Q2,https://www.oracle.com/security-alerts/cpuapr2026.html,Oracle Financial Services Applications,Dashboard (Netty),3.1,7.5,Network,Low,None,None,Un- changed,None,None,High,,,,,HTTP/2,Yes,14.5.0.0.0-14.8.0.0.0,
CVE-2025-27817,2026-Q2,https://www.oracle.com/security-alerts/cpuapr2026.html,Oracle Financial Services Applications,Dashboard (Apache Kafka),3.1,7.5,Network,Low,None,None,Un- changed,High,None,None,,,,,HTTPS,Yes,14.5.0.0.0-14.8.0.0.0,
CVE-2025-41249,2026-Q2,https://www.oracle.com/security-alerts/cpuapr2026.html,Oracle Financial Services Applications,Common Core (Spring Framework),3.1,7.5,Network,Low,None,None,Un- changed,High,None,None,,,,,HTTP,Yes,14.5.0.0.0-14.8.0.0.0,
CVE-2025-48976,2026-Q2,https://www.oracle.com/security-alerts/cpuapr2026.html,Oracle Financial Services Applications,Core (Apache Commons FileUpload),3.1,7.5,Network,Low,None,None,Un- changed,None,None,High,,,,,HTTP,Yes,14.5.0.0.0-14.8.0.0.0,
CVE-2025-27817,2026-Q2,https://www.oracle.com/security-alerts/cpuapr2026.html,Oracle Financial Services Applications,Core (Apache Kafka),3.1,7.5,Network,Low,None,None,Un- changed,High,None,None,,,,,HTTP,Yes,14.5.0.0.0-14.8.0.0.0,
CVE-2025-55163,2026-Q2,https://www.oracle.com/security-alerts/cpuapr2026.html,Oracle Financial Services Applications,Core (Netty),3.1,7.5,Network,Low,None,None,Un- changed,None,None,High,,,,,HTTP/2,Yes,14.5.0.0.0-14.8.0.0.0,
CVE-2026-34310,2026-Q2,https://www.oracle.com/security-alerts/cpuapr2026.html,Oracle Financial Services Applications,Platform,3.1,7.5,Network,Low,None,None,Un- changed,High,None,None,,,,,HTTP,Yes,"8.0.7.9, 8.0.8.7, 8.1.2.5",
CVE-2026-22010,2026-Q2,https://www.oracle.com/security-alerts/cpuapr2026.html,Oracle Financial Services Applications,Platform,3.1,7.5,Network,Low,None,None,Un- changed,High,None,None,,,,,HTTP,Yes,"8.0.7.9, 8.0.8.7, 8.1.2.5",
CVE-2025-27820,2026-Q2,https://www.oracle.com/security-alerts/cpuapr2026.html,Oracle Financial Services Applications,Platform (Apache HttpClient),3.1,7.5,Network,Low,None,None,Un- changed,None,High,None,,,,,HTTP,Yes,"8.0.7.9, 8.0.8.7, 8.1.2.5",
CVE-2026-25990,2026-Q2,https://www.oracle.com/security-alerts/cpuapr2026.html,Oracle Financial Services Applications,Reports (Pillow),3.1,7.5,Network,Low,None,None,Un- changed,None,None,High,,,,,HTTP,Yes,8.1.2.9,
CVE-2026-34320,2026-Q2,https://www.oracle.com/security-alerts/cpuapr2026.html,Oracle Financial Services Applications,User Interface,3.1,7.5,Network,Low,None,None,Un- changed,High,None,None,,,,,HTTP,Yes,8.1.2.8.0,
CVE-2025-27820,2026-Q2,https://www.oracle.com/security-alerts/cpuapr2026.html,Oracle Financial Services Applications,Installer (Apache HttpClient),3.1,7.5,Network,Low,None,None,Un- changed,None,High,None,,,,,HTTP,Yes,"8.1.2.10, 8.1.2.11",
CVE-2026-35231,2026-Q2,https://www.oracle.com/security-alerts/cpuapr2026.html,Oracle Financial Services Applications,User Interface,3.1,7.5,Network,Low,None,None,Un- changed,High,None,None,,,,,HTTP,Yes,8.1.2.8.0,
CVE-2025-48976,2026-Q2,https://www.oracle.com/security-alerts/cpuapr2026.html,Oracle Financial Services Applications,Infrastructure (Apache Commons FileUpload),3.1,7.5,Network,Low,None,None,Un- changed,None,None,High,,,,,HTTP,Yes,14.5.0.0.0-14.8.0.0.0,
CVE-2025-52999,2026-Q2,https://www.oracle.com/security-alerts/cpuapr2026.html,Oracle Fusion Middleware,Document Service (jackson-core),3.1,7.5,Network,Low,None,None,Un- changed,None,None,High,,,,,HTTP,Yes,12.2.1.4.0,
CVE-2024-43394,2026-Q2,https://www.oracle.com/security-alerts/cpuapr2026.html,Oracle Fusion Middleware,Core (Apache HTTP Server),3.1,7.5,Network,Low,None,None,Un- changed,High,None,None,,,,,HTTP,Yes,"12.2.1.4.0, 14.1.2.0.0",See Note 1
CVE-2025-59775,2026-Q2,https://www.oracle.com/security-alerts/cpuapr2026.html,Oracle Fusion Middleware,Core (Apache HTTP Server),3.1,7.5,Network,Low,None,None,Un- changed,High,None,None,,,,,HTTP,Yes,"12.2.1.4.0, 14.1.2.0.0",See Note 1
CVE-2026-34290,2026-Q2,https://www.oracle.com/security-alerts/cpuapr2026.html,Oracle Fusion Middleware,Core,3.1,7.5,Network,Low,None,None,Un- changed,None,None,High,,,,,TCP,Yes,12.2.1.4.0,
CVE-2024-29857,2026-Q2,https://www.oracle.com/security-alerts/cpuapr2026.html,Oracle Fusion Middleware,B2B Engine (Bouncy Castle Java Library),3.1,7.5,Network,Low,None,None,Un- changed,None,None,High,,,,,HTTPS,Yes,12.2.1.4.0,
CVE-2025-41249,2026-Q2,https://www.oracle.com/security-alerts/cpuapr2026.html,Oracle Fusion Middleware,Learnset Manager (Spring Framework),3.1,7.5,Network,Low,None,None,Un- changed,High,None,None,,,,,HTTP,Yes,14.1.1.0.0,
CVE-2026-34305,2026-Q2,https://www.oracle.com/security-alerts/cpuapr2026.html,Oracle Fusion Middleware,Web Services,3.1,7.5,Network,Low,None,None,Un- changed,High,None,None,,,,,HTTP,Yes,"12.2.1.4.0, 14.1.1.0.0, 14.1.2.0.0, 15.1.1.0.0",
CVE-2026-21441,2026-Q2,https://www.oracle.com/security-alerts/cpuapr2026.html,Oracle Analytics,Pipeline Test Failures (urllib3),3.1,7.5,Network,Low,None,None,Un- changed,None,None,High,,,,,HTTP,Yes,8.2.0.0.0,
CVE-2025-58057,2026-Q2,https://www.oracle.com/security-alerts/cpuapr2026.html,Oracle Analytics,Platform Security (Netty),3.1,7.5,Network,Low,None,None,Un- changed,None,None,High,,,,,HTTP,Yes,8.2.0.0.0,
CVE-2023-52428,2026-Q2,https://www.oracle.com/security-alerts/cpuapr2026.html,Oracle Analytics,Platform Security (Nimbus JOSE+JWT),3.1,7.5,Network,Low,None,None,Un- changed,None,None,High,,,,,HTTP,Yes,"7.6.0.0.0, 8.2.0.0.0",
CVE-2025-24970,2026-Q2,https://www.oracle.com/security-alerts/cpuapr2026.html,Oracle Analytics,Analytics Server (Netty),3.1,7.5,Network,Low,None,None,Un- changed,None,None,High,,,,,TLS,Yes,8.2.0.0.0,
CVE-2026-24734,2026-Q2,https://www.oracle.com/security-alerts/cpuapr2026.html,Oracle Hospitality Applications,Next-Gen SPMS (Apache Tomcat),3.1,7.5,Network,Low,None,None,Un- changed,None,High,None,,,,,HTTP,Yes,23.1.5-23.3.0,
CVE-2025-64775,2026-Q2,https://www.oracle.com/security-alerts/cpuapr2026.html,Oracle Hyperion,Installation and Configuration (Apache Struts),3.1,7.5,Network,Low,None,None,Un- changed,None,None,High,,,,,HTTP,Yes,11.2.24.0.000,
CVE-2025-9086,2026-Q2,https://www.oracle.com/security-alerts/cpuapr2026.html,Oracle Hyperion,Installation and Configuration (curl),3.1,7.5,Network,Low,None,None,Un- changed,None,None,High,,,,,HTTP,Yes,11.2.24.0.000,
CVE-2025-66566,2026-Q2,https://www.oracle.com/security-alerts/cpuapr2026.html,Oracle Hyperion,Installation and Configuration (lz4-java),3.1,7.5,Network,Low,None,None,Un- changed,High,None,None,,,,,HTTP,Yes,11.2.24.0.000,
CVE-2026-20652,2026-Q2,https://www.oracle.com/security-alerts/cpuapr2026.html,Oracle Java SE,JavaFX (WebKitGTK),3.1,7.5,Network,Low,None,None,Un- changed,None,None,High,,,,,Multiple,Yes,Oracle Java SE: 8u481-b50,See Note 1
CVE-2026-22016,2026-Q2,https://www.oracle.com/security-alerts/cpuapr2026.html,Oracle Java SE,JAXP,3.1,7.5,Network,Low,None,None,Un- changed,High,None,None,,,,,Multiple,Yes,"Oracle Java SE: 8u481, 8u481-b50, 8u481-perf, 11.0.30, 17.0.18, 21.0.10, 25.0.2, 26; Oracle GraalVM for JDK: 17.0.18, 21.0.10; Oracle GraalVM Enterprise Edition: 21.3.17",See Note 2
CVE-2026-34282,2026-Q2,https://www.oracle.com/security-alerts/cpuapr2026.html,Oracle Java SE,Networking,3.1,7.5,Network,Low,None,None,Un- changed,None,None,High,,,,,Multiple,Yes,"Oracle Java SE: 8u481-perf, 11.0.30, 17.0.18, 21.0.10, 25.0.2, 26; Oracle GraalVM for JDK: 17.0.18, 21.0.10; Oracle GraalVM Enterprise Edition: 21.3.17",See Note 2
CVE-2025-9230,2026-Q2,https://www.oracle.com/security-alerts/cpuapr2026.html,Oracle JD Edwards,Enterprise Infrastructure Security (OpenSSL),3.1,7.5,Network,Low,None,None,Un- changed,None,None,High,,,,,HTTPS,Yes,9.2.0.0-9.2.26.1,
CVE-2025-58754,2026-Q2,https://www.oracle.com/security-alerts/cpuapr2026.html,Oracle PeopleSoft,Common Application Objects (Axios),3.1,7.5,Network,Low,None,None,Un- changed,None,None,High,,,,,HTTP,Yes,9.2,
CVE-2025-8194,2026-Q2,https://www.oracle.com/security-alerts/cpuapr2026.html,Oracle PeopleSoft,Porting (Python),3.1,7.5,Network,Low,None,None,Un- changed,None,None,High,,,,,HTTP,Yes,8.61-8.62,
CVE-2025-66418,2026-Q2,https://www.oracle.com/security-alerts/cpuapr2026.html,Oracle PeopleSoft,Porting (urllib3),3.1,7.5,Network,Low,None,None,Un- changed,None,None,High,,,,,HTTP,Yes,8.61-8.62,
CVE-2025-43967,2026-Q2,https://www.oracle.com/security-alerts/cpuapr2026.html,Oracle PeopleSoft,XMLPublisher (libheif),3.1,7.5,Network,Low,None,None,Un- changed,None,None,High,,,,,HTTP,Yes,8.61-8.62,
CVE-2025-7962,2026-Q2,https://www.oracle.com/security-alerts/cpuapr2026.html,Oracle Retail Applications,Point of Sale (Jakarta Mail),3.1,7.5,Network,Low,None,None,Un- changed,None,High,None,,,,,SMTP,Yes,"21.0.5, 22.0.3",
CVE-2022-45688,2026-Q2,https://www.oracle.com/security-alerts/cpuapr2026.html,Oracle Siebel CRM,Data Archival (Quartz),3.1,7.5,Network,Low,None,None,Un- changed,None,None,High,,,,,HTTP,Yes,17.0-25.11,
CVE-2025-69223,2026-Q2,https://www.oracle.com/security-alerts/cpuapr2026.html,Oracle Siebel CRM,Siebel Cloud Manager (AIOHTTP),3.1,7.5,Network,Low,None,None,Un- changed,None,None,High,,,,,HTTP,Yes,17.0-26.2,
CVE-2025-8869,2026-Q2,https://www.oracle.com/security-alerts/cpuapr2026.html,Oracle Siebel CRM,Siebel Cloud Manager (pip),3.1,7.5,Network,Low,None,None,Un- changed,None,High,None,,,,,HTTP,Yes,17.0-26.2,
CVE-2025-58057,2026-Q2,https://www.oracle.com/security-alerts/cpuapr2026.html,Oracle Siebel CRM,Keyword Automation (Netty),3.1,7.5,Network,Low,None,None,Un- changed,None,None,High,,,,,HTTP,Yes,17.0-26.2,
CVE-2023-26464,2026-Q2,https://www.oracle.com/security-alerts/cpuapr2026.html,Oracle Siebel CRM,Server Infrastructure (Apache Log4j),3.1,7.5,Network,Low,None,None,Un- changed,None,None,High,,,,,TLS,Yes,17.0-25.11,
CVE-2025-7962,2026-Q2,https://www.oracle.com/security-alerts/cpuapr2026.html,Oracle Siebel CRM,Communications Panel/Dashboard (Jakarta Mail),3.1,7.5,Network,Low,None,None,Un- changed,None,High,None,,,,,SMTP,Yes,17.0-25.11,
CVE-2024-29371,2026-Q2,https://www.oracle.com/security-alerts/cpuapr2026.html,Oracle Siebel CRM,Event Publish and Subscribe (jose4j),3.1,7.5,Network,Low,None,None,Un- changed,None,None,High,,,,,HTTP,Yes,17.0-26.2,
CVE-2023-1436,2026-Q2,https://www.oracle.com/security-alerts/cpuapr2026.html,Oracle Siebel CRM,REST (Jettison),3.1,7.5,Network,Low,None,None,Un- changed,None,None,High,,,,,HTTP,Yes,17.0-26.2,
CVE-2025-27817,2026-Q2,https://www.oracle.com/security-alerts/cpuapr2026.html,Oracle Siebel CRM,Event Publish and Subscribe (Apache Kafka),3.1,7.5,Network,Low,None,None,Un- changed,High,None,None,,,,,TCP,Yes,17.0-26.2,
CVE-2025-53643,2026-Q2,https://www.oracle.com/security-alerts/cpuapr2026.html,Oracle Utilities Applications,Python Scripting (AIOHTTP),3.1,7.5,Network,Low,None,None,Un- changed,None,High,None,,,,,HTTP,Yes,"7.1.0.0.45, 25.12.0.0.0",
CVE-2025-66418,2026-Q2,https://www.oracle.com/security-alerts/cpuapr2026.html,Oracle Utilities Applications,System Wide (urllib3),3.1,7.5,Network,Low,None,None,Un- changed,None,None,High,,,,,HTTP,Yes,"2.5.0.1.16, 2.5.0.2.10, 2.6.0.1.10, 2.6.0.2.6",
CVE-2026-24734,2026-Q2,https://www.oracle.com/security-alerts/cpuapr2026.html,Oracle Utilities Applications,Tools (Apache Tomcat),3.1,7.5,Network,Low,None,None,Un- changed,None,High,None,,,,,HTTP,Yes,"7.0.0.0.7, 7.0.0.1.5, 25.4.0.0.2",
CVE-2026-35242,2026-Q2,https://www.oracle.com/security-alerts/cpuapr2026.html,Oracle Virtualization,Core,3.1,7.5,Local,High,High,None,Changed,High,High,High,,,,,None,No,7.2.6,
CVE-2026-35246,2026-Q2,https://www.oracle.com/security-alerts/cpuapr2026.html,Oracle Virtualization,Core,3.1,7.5,Local,High,High,None,Changed,High,High,High,,,,,None,No,7.2.6,
CVE-2026-35251,2026-Q2,https://www.oracle.com/security-alerts/cpuapr2026.html,Oracle Virtualization,Core,3.1,7.5,Local,High,High,None,Changed,High,High,High,,,,,None,No,7.2.6,
CVE-2026-35230,2026-Q2,https://www.oracle.com/security-alerts/cpuapr2026.html,Oracle Virtualization,Core,3.1,7.5,Local,High,High,None,Changed,High,High,High,,,,,None,No,7.2.6,
CVE-2026-35245,2026-Q2,https://www.oracle.com/security-alerts/cpuapr2026.html,Oracle Virtualization,Core,3.1,7.5,Network,Low,None,None,Un- changed,None,None,High,,,,,RDP,Yes,7.2.6,
CVE-2025-68121,2026-Q2,https://www.oracle.com/security-alerts/cpuapr2026.html,Oracle TimesTen In-Memory Database,Third-party components (Golang Go),3.1,7.4,Network,High,None,None,Un- changed,High,High,None,,,,,HTTPS,Yes,"18.1.4, 22.1.1",
CVE-2025-12383,2026-Q2,https://www.oracle.com/security-alerts/cpuapr2026.html,Oracle Communications,Configuration (Eclipse Jersey),3.1,7.4,Network,High,None,None,Un- changed,High,High,None,,,,,HTTP,Yes,25.1.200,
CVE-2025-12383,2026-Q2,https://www.oracle.com/security-alerts/cpuapr2026.html,Oracle Fusion Middleware,B2B Engine (Eclipse Jersey),3.1,7.4,Network,High,None,None,Un- changed,High,High,None,,,,,HTTPS,Yes,14.1.2.0.0,
CVE-2025-33042,2026-Q2,https://www.oracle.com/security-alerts/cpuapr2026.html,Oracle Communications,Core (Apache Avro),3.1,7.3,Network,Low,None,None,Un- changed,Low,Low,Low,,,,,HTTP,Yes,6.1.1,
CVE-2025-27821,2026-Q2,https://www.oracle.com/security-alerts/cpuapr2026.html,Oracle Financial Services Applications,Installer (Apache Hadoop),3.1,7.3,Network,Low,None,None,Un- changed,Low,Low,Low,,,,,HTTP,Yes,8.1.2.7,
CVE-2025-0725,2026-Q2,https://www.oracle.com/security-alerts/cpuapr2026.html,Oracle Fusion Middleware,Web Server Plugin (curl),3.1,7.3,Network,Low,None,None,Un- changed,Low,Low,Low,,,,,HTTP,Yes,14.1.2.0.0,
CVE-2025-33042,2026-Q2,https://www.oracle.com/security-alerts/cpuapr2026.html,Oracle Fusion Middleware,Composer (Apache Avro),3.1,7.3,Network,Low,None,None,Un- changed,Low,Low,Low,,,,,HTTP,Yes,"12.2.1.4.0, 14.1.2.0.0",
CVE-2025-33042,2026-Q2,https://www.oracle.com/security-alerts/cpuapr2026.html,Oracle Fusion Middleware,Third Party (Apache Avro),3.1,7.3,Network,Low,None,None,Un- changed,Low,Low,Low,,,,,HTTP,Yes,"12.2.1.4.0, 14.1.2.0.0",
CVE-2025-35036,2026-Q2,https://www.oracle.com/security-alerts/cpuapr2026.html,Oracle Fusion Middleware,Third Party (Validator),3.1,7.3,Network,Low,None,None,Un- changed,Low,Low,Low,,,,,HTTP,Yes,"12.2.1.4.0, 14.1.2.0.0",
CVE-2021-22573,2026-Q2,https://www.oracle.com/security-alerts/cpuapr2026.html,Oracle Fusion Middleware,Third Party (Google OAuth Client),3.1,7.3,Network,Low,Low,Required,Un- changed,High,High,None,,,,,HTTPS,No,"12.2.1.4.0, 14.1.2.0.0",
CVE-2025-33042,2026-Q2,https://www.oracle.com/security-alerts/cpuapr2026.html,Oracle Fusion Middleware,Adapters (Apache Avro),3.1,7.3,Network,Low,None,None,Un- changed,Low,Low,Low,,,,,HTTP,Yes,14.1.2.0.0,
CVE-2025-35036,2026-Q2,https://www.oracle.com/security-alerts/cpuapr2026.html,Oracle Fusion Middleware,Centralized Thirdparty Jars (Validator),3.1,7.3,Network,Low,None,None,Un- changed,Low,Low,Low,,,,,HTTP,Yes,12.2.1.4.0,
CVE-2025-33042,2026-Q2,https://www.oracle.com/security-alerts/cpuapr2026.html,Oracle Analytics,Platform Security (Apache Avro),3.1,7.3,Network,Low,None,None,Un- changed,Low,Low,Low,,,,,HTTP,Yes,"7.6.0.0.0, 8.2.0.0.0",
CVE-2026-31790,2026-Q2,https://www.oracle.com/security-alerts/cpuapr2026.html,Oracle Database Server,RDBMS (OpenSSL),3.1,7.2,Network,Low,High,None,Un- changed,High,High,High,,,,None,Multiple,No,"19.3-19.30, 23.4.0-23.26.1",
CVE-2025-15467,2026-Q2,https://www.oracle.com/security-alerts/cpuapr2026.html,Oracle Autonomous Health Framework,Trace File Analyzer (OpenSSL),3.1,7.2,Network,Low,High,None,Un- changed,High,High,High,,,,,Multiple,No,25.11-26.1,
CVE-2024-13009,2026-Q2,https://www.oracle.com/security-alerts/cpuapr2026.html,Oracle Fusion Middleware,Third Party (jackson-databind),3.1,7.2,Network,Low,None,None,Changed,Low,Low,None,,,,,HTTP,Yes,12.2.1.4.0,
CVE-2026-34292,2026-Q2,https://www.oracle.com/security-alerts/cpuapr2026.html,Oracle Fusion Middleware,Core,3.1,7.2,Network,Low,High,None,Un- changed,High,High,High,,,,,HTTP,No,"12.2.1.4.0, 14.1.1.0.0",
CVE-2023-2976,2026-Q2,https://www.oracle.com/security-alerts/cpuapr2026.html,Oracle Fusion Middleware,Oracle MFT Installer (Google Guava),3.1,7.1,Local,Low,Low,None,Un- changed,High,High,None,,,,,None,No,12.2.1.4.0,
CVE-2025-68431,2026-Q2,https://www.oracle.com/security-alerts/cpuapr2026.html,Oracle Fusion Middleware,DC-Specific Component (libheif),3.1,7.1,Network,Low,None,Required,Un- changed,Low,None,High,,,,,HTTP,Yes,8.5.8,
CVE-2025-65018,2026-Q2,https://www.oracle.com/security-alerts/cpuapr2026.html,Oracle Hyperion,Installation and Configuration (libpng),3.1,7.1,Local,Low,None,Required,Un- changed,None,High,High,,,,,None,No,11.2.24.0.000,
CVE-2026-21939,2026-Q2,https://www.oracle.com/security-alerts/cpuapr2026.html,Oracle Fusion Middleware,Oracle Database Client for Fusion Middleware,3.1,7.0,Local,High,None,Required,Un- changed,High,High,High,,,,,None,No,14.1.2.0.0,
CVE-2026-3288,2026-Q2,https://www.oracle.com/security-alerts/cpuapr2026.html,Oracle Communications,Core (Ingress NGINX Controller),3.1,6.8,Network,Low,High,Required,Un- changed,High,High,High,,,,,HTTP,No,7.0.0,
CVE-2025-5372,2026-Q2,https://www.oracle.com/security-alerts/cpuapr2026.html,Oracle Communications,Core (libssh),3.1,6.8,Network,Low,High,Required,Un- changed,High,High,High,,,,,SSH,No,6.1.1-7.0.0,
CVE-2025-68615,2026-Q2,https://www.oracle.com/security-alerts/cpuapr2026.html,Oracle Communications,Core (Net-SNMP),3.1,6.8,Network,Low,High,Required,Un- changed,High,High,High,,,,,UDP,No,7.0.0,
CVE-2026-34314,2026-Q2,https://www.oracle.com/security-alerts/cpuapr2026.html,Oracle Financial Services Applications,Platform,3.1,6.8,Network,High,Low,None,Un- changed,High,High,None,,,,,HTTP,No,"8.0.7.9, 8.0.8.7, 8.1.2.5",
CVE-2026-34325,2026-Q2,https://www.oracle.com/security-alerts/cpuapr2026.html,Oracle Financial Services Applications,User Interface,3.1,6.8,Local,Low,Low,Required,Un- changed,High,Low,High,,,,,None,No,"8.0.7.9, 8.0.8.7, 8.1.2.5",
CVE-2026-34277,2026-Q2,https://www.oracle.com/security-alerts/cpuapr2026.html,Oracle PeopleSoft,Fluid Core,3.1,6.6,Network,Low,High,None,Changed,Low,Low,Low,,,,,HTTP,No,8.61-8.62,
CVE-2026-26007,2026-Q2,https://www.oracle.com/security-alerts/cpuapr2026.html,Oracle Database Server,RDBMS (Python),3.1,6.5,Network,Low,None,Required,Un- changed,High,None,None,,,,Create Session,Multiple,Yes,"21.3-21.21, 23.4.0-23.26.1",
CVE-2025-67735,2026-Q2,https://www.oracle.com/security-alerts/cpuapr2026.html,Oracle GoldenGate,AWS SDK (Netty),3.1,6.5,Network,Low,None,None,Un- changed,Low,Low,None,,,,,HTTP,Yes,23.4-23.10,
CVE-2025-67735,2026-Q2,https://www.oracle.com/security-alerts/cpuapr2026.html,Oracle GoldenGate,Java Delivery (Netty),3.1,6.5,Network,Low,None,None,Un- changed,Low,Low,None,,,,,HTTP,Yes,"21.3-21.20, 23.4-23.10",
CVE-2024-7254,2026-Q2,https://www.oracle.com/security-alerts/cpuapr2026.html,Oracle GoldenGate,Third Party (Google Protobuf-Java),3.1,6.5,Network,Low,Low,None,Un- changed,None,None,High,,,,,HTTP,No,23.4-23.10,
CVE-2026-26007,2026-Q2,https://www.oracle.com/security-alerts/cpuapr2026.html,Oracle Communications,Install (Cryptography),3.1,6.5,Network,Low,None,Required,Un- changed,High,None,None,,,,,HTTP,Yes,25.1.200,
CVE-2026-26007,2026-Q2,https://www.oracle.com/security-alerts/cpuapr2026.html,Oracle Communications,Signaling (Cryptography),3.1,6.5,Network,Low,None,Required,Un- changed,High,None,None,,,,,HTTP,Yes,25.1.204,
CVE-2026-26007,2026-Q2,https://www.oracle.com/security-alerts/cpuapr2026.html,Oracle Communications,"Alarms, KPI, and Measurements (Cryptography)",3.1,6.5,Network,Low,None,Required,Un- changed,High,None,None,,,,,HTTP,Yes,25.1.200,
CVE-2026-26007,2026-Q2,https://www.oracle.com/security-alerts/cpuapr2026.html,Oracle Communications,ATS Framework (Cryptography),3.1,6.5,Network,Low,None,Required,Un- changed,High,None,None,,,,,Multiple,Yes,25.1.200,
CVE-2026-26007,2026-Q2,https://www.oracle.com/security-alerts/cpuapr2026.html,Oracle Communications,ATS Framework (Cryptography),3.1,6.5,Network,Low,None,Required,Un- changed,High,None,None,,,,,HTTP,Yes,"25.1.200, 25.2.100",
CVE-2026-26007,2026-Q2,https://www.oracle.com/security-alerts/cpuapr2026.html,Oracle Communications,Mediation Engine (Cryptography),3.1,6.5,Network,Low,None,Required,Un- changed,High,None,None,,,,,HTTP,Yes,"5.2, 6.0, 6.1",
CVE-2026-25210,2026-Q2,https://www.oracle.com/security-alerts/cpuapr2026.html,Oracle Communications,Core (LibExpat),3.1,6.5,Local,Low,High,Required,Un- changed,High,High,High,,,,,None,No,6.1.1-7.0.0,
CVE-2025-52999,2026-Q2,https://www.oracle.com/security-alerts/cpuapr2026.html,Oracle Construction and Engineering,Web Access (jackson-core),3.1,6.5,Network,Low,None,None,Un- changed,Low,None,Low,,,,,HTTP,Yes,"21.12.0.0-21.12.21.6, 22.12.0.0-22.12.21.1, 23.12.0.0-23.12.18.0, 24.12.0.0-24.12.13.0, 25.12.0.0-25.12.2.0",
CVE-2025-67735,2026-Q2,https://www.oracle.com/security-alerts/cpuapr2026.html,Oracle Financial Services Applications,Infrastructure (Netty),3.1,6.5,Network,Low,None,None,Un- changed,Low,Low,None,,,,,HTTP,Yes,14.8.1.0.0,
CVE-2025-12183,2026-Q2,https://www.oracle.com/security-alerts/cpuapr2026.html,Oracle Financial Services Applications,Infrastructure (lz4-java),3.1,6.5,Network,Low,High,None,Un- changed,High,None,High,,,,,HTTP,No,14.8.0.0.0,
CVE-2026-34313,2026-Q2,https://www.oracle.com/security-alerts/cpuapr2026.html,Oracle Financial Services Applications,Platform,3.1,6.5,Network,Low,Low,None,Un- changed,High,None,None,,,,,HTTP,No,"8.0.7.9, 8.0.8.7, 8.1.2.5",
CVE-2023-20863,2026-Q2,https://www.oracle.com/security-alerts/cpuapr2026.html,Oracle Financial Services Applications,Logger (Spring Framework),3.1,6.5,Network,Low,Low,None,Un- changed,None,None,High,,,,,HTTP,No,1.0.2.1,
CVE-2025-65082,2026-Q2,https://www.oracle.com/security-alerts/cpuapr2026.html,Oracle Fusion Middleware,Core (Apache HTTP Server),3.1,6.5,Network,Low,None,None,Un- changed,Low,Low,None,,,,,HTTP,Yes,"12.2.1.4.0, 14.1.2.0.0",
CVE-2026-34315,2026-Q2,https://www.oracle.com/security-alerts/cpuapr2026.html,Oracle Fusion Middleware,Web Services,3.1,6.5,Network,Low,None,Required,Un- changed,None,High,None,,,,,HTTP,Yes,"12.2.1.4.0, 14.1.1.0.0, 14.1.2.0.0, 15.1.1.0.0",
CVE-2025-46392,2026-Q2,https://www.oracle.com/security-alerts/cpuapr2026.html,Oracle Fusion Middleware,Centralized Thirdparty Jars (Apache Commons Lang),3.1,6.5,Network,Low,Low,None,Un- changed,None,None,High,,,,,HTTPS,No,"12.2.1.4.0, 14.1.1.0.0",
CVE-2026-34324,2026-Q2,https://www.oracle.com/security-alerts/cpuapr2026.html,Oracle Life Science Applications,App Server,3.1,6.5,Network,Low,None,None,Un- changed,Low,Low,None,,,,,HTTP,Yes,"7.0.1.0, 7.0.1.1",
CVE-2023-5388,2026-Q2,https://www.oracle.com/security-alerts/cpuapr2026.html,Oracle JD Edwards,Enterprise Infrastructure Security (NSS),3.1,6.5,Network,Low,None,None,Un- changed,Low,None,Low,,,,,HTTPS,Yes,9.2.0.0-9.2.26.1,
CVE-2026-34270,2026-Q2,https://www.oracle.com/security-alerts/cpuapr2026.html,Oracle MySQL,Server: Group Replication Plugin,3.1,6.5,Network,Low,Low,None,Un- changed,None,None,High,,,,,MySQL Protocol,No,"8.0.0-8.0.45, 8.4.0-8.4.8, 9.0.0-9.6.0",
CVE-2026-34271,2026-Q2,https://www.oracle.com/security-alerts/cpuapr2026.html,Oracle MySQL,Server: Group Replication Plugin,3.1,6.5,Network,Low,Low,None,Un- changed,None,None,High,,,,,MySQL Protocol,No,"8.0.0-8.0.45, 8.4.0-8.4.8, 9.0.0-9.6.0",
CVE-2026-34276,2026-Q2,https://www.oracle.com/security-alerts/cpuapr2026.html,Oracle MySQL,Server: Group Replication Plugin,3.1,6.5,Network,Low,Low,None,Un- changed,None,None,High,,,,,MySQL Protocol,No,"8.0.0-8.0.45, 8.4.0-8.4.8, 9.0.0-9.6.0",
CVE-2026-34308,2026-Q2,https://www.oracle.com/security-alerts/cpuapr2026.html,Oracle MySQL,Server: JSON,3.1,6.5,Network,Low,Low,None,Un- changed,None,None,High,,,,,MySQL Protocol,No,"8.0.0-8.0.45, 8.4.0-8.4.8, 9.0.0-9.6.0",
CVE-2026-22009,2026-Q2,https://www.oracle.com/security-alerts/cpuapr2026.html,Oracle MySQL,Server: Optimizer,3.1,6.5,Network,Low,Low,None,Un- changed,None,None,High,,,,,MySQL Protocol,No,"8.0.0-8.0.45, 8.4.0-8.4.8, 9.0.0-9.6.0",
CVE-2026-22017,2026-Q2,https://www.oracle.com/security-alerts/cpuapr2026.html,Oracle MySQL,Server: Optimizer,3.1,6.5,Network,Low,Low,None,Un- changed,None,None,High,,,,,MySQL Protocol,No,"8.0.0-8.0.45, 8.4.0-8.4.8, 9.0.0-9.6.0",
CVE-2026-34272,2026-Q2,https://www.oracle.com/security-alerts/cpuapr2026.html,Oracle MySQL,Server: Optimizer,3.1,6.5,Network,Low,Low,None,Un- changed,None,None,High,,,,,MySQL Protocol,No,9.0.0-9.6.0,
CVE-2026-34303,2026-Q2,https://www.oracle.com/security-alerts/cpuapr2026.html,Oracle MySQL,Server: Optimizer,3.1,6.5,Network,Low,Low,None,Un- changed,None,None,High,,,,,MySQL Protocol,No,"8.0.0-8.0.45, 8.4.0-8.4.8, 9.0.0-9.6.0",
CVE-2026-34300,2026-Q2,https://www.oracle.com/security-alerts/cpuapr2026.html,Oracle PeopleSoft,Contracts,3.1,6.5,Network,Low,Low,None,Un- changed,High,None,None,,,,,HTTP,No,9.2,
CVE-2026-34299,2026-Q2,https://www.oracle.com/security-alerts/cpuapr2026.html,Oracle PeopleSoft,Work Order Management,3.1,6.5,Network,Low,Low,None,Un- changed,High,None,None,,,,,HTTP,No,9.2,
CVE-2026-34301,2026-Q2,https://www.oracle.com/security-alerts/cpuapr2026.html,Oracle PeopleSoft,Work Order Management,3.1,6.5,Network,Low,Low,None,Un- changed,High,None,None,,,,,HTTP,No,9.2,
CVE-2026-34306,2026-Q2,https://www.oracle.com/security-alerts/cpuapr2026.html,Oracle PeopleSoft,Projects,3.1,6.5,Network,Low,Low,None,Un- changed,High,None,None,,,,,HTTP,No,9.2,
CVE-2026-34266,2026-Q2,https://www.oracle.com/security-alerts/cpuapr2026.html,Oracle PeopleSoft,Absence Management,3.1,6.5,Network,Low,High,None,Un- changed,High,High,None,,,,,HTTP,No,9.2,
CVE-2026-34280,2026-Q2,https://www.oracle.com/security-alerts/cpuapr2026.html,Oracle PeopleSoft,Job Profile Manager,3.1,6.5,Network,Low,High,None,Un- changed,High,High,None,,,,,HTTP,No,9.2,
CVE-2026-34295,2026-Q2,https://www.oracle.com/security-alerts/cpuapr2026.html,Oracle PeopleSoft,Purchasing,3.1,6.5,Network,Low,Low,None,Un- changed,High,None,None,,,,,HTTP,No,9.2,
CVE-2026-34281,2026-Q2,https://www.oracle.com/security-alerts/cpuapr2026.html,Oracle Systems,Kernel,3.1,6.5,Local,Low,Low,None,Changed,None,None,High,,,,,None,No,11.4,
CVE-2025-52967,2026-Q2,https://www.oracle.com/security-alerts/cpuapr2026.html,Oracle Communications,Core (mlflow),3.1,6.4,Network,High,High,Required,Un- changed,High,High,High,,,,,HTTP,No,6.1.1-7.0.0,
CVE-2026-35252,2026-Q2,https://www.oracle.com/security-alerts/cpuapr2026.html,Oracle Fusion Middleware,C Oracle SSL API,3.1,6.4,Network,High,Low,Required,Un- changed,High,High,None,,,,,HTTPS,No,"12.2.1.4.0, 12.1.3.0.0",
CVE-2025-14017,2026-Q2,https://www.oracle.com/security-alerts/cpuapr2026.html,Oracle Communications,ATS Framework (curl),3.1,6.3,Local,High,None,Required,Un- changed,High,High,None,,,,,None,No,25.1.200,
CVE-2026-34323,2026-Q2,https://www.oracle.com/security-alerts/cpuapr2026.html,Oracle Life Science Applications,IDM Authentication,3.1,6.3,Network,Low,None,Required,Un- changed,Low,Low,Low,,,,,HTTP,Yes,"7.0.1.0, 7.0.1.1",
CVE-2025-14017,2026-Q2,https://www.oracle.com/security-alerts/cpuapr2026.html,Oracle MySQL,Enterprise Backup (curl),3.1,6.3,Local,High,None,Required,Un- changed,High,High,None,,,,,None,No,"8.0.0-8.0.45, 8.4.0-8.4.8, 9.0.0-9.6.0",
CVE-2025-14017,2026-Q2,https://www.oracle.com/security-alerts/cpuapr2026.html,Oracle MySQL,Server: Packaging (curl),3.1,6.3,Local,High,None,Required,Un- changed,High,High,None,,,,,None,No,"8.0.0-8.0.45, 8.4.0-8.4.8, 9.0.0-9.6.0",
CVE-2025-14017,2026-Q2,https://www.oracle.com/security-alerts/cpuapr2026.html,Oracle PeopleSoft,File Processing (libcurl),3.1,6.3,Local,High,None,Required,Un- changed,High,High,None,,,,,None,No,8.61-8.62,
CVE-2023-46750,2026-Q2,https://www.oracle.com/security-alerts/cpuapr2026.html,Oracle Adapter for Eclipse RDF4J,Jena adapter (Apache Shiro),3.1,6.1,Network,Low,None,Required,Changed,Low,Low,None,,,,,HTTP,Yes,24.1.0,
CVE-2025-14104,2026-Q2,https://www.oracle.com/security-alerts/cpuapr2026.html,Oracle Communications,Configuration (util-linux),3.1,6.1,Local,Low,Low,None,Un- changed,Low,None,High,,,,,None,No,25.1.201,
CVE-2025-14104,2026-Q2,https://www.oracle.com/security-alerts/cpuapr2026.html,Oracle Communications,Configuration (util-linux),3.1,6.1,Local,Low,Low,None,Un- changed,Low,None,High,,,,,None,No,25.1.201,
CVE-2025-26791,2026-Q2,https://www.oracle.com/security-alerts/cpuapr2026.html,Oracle Communications,Configuration (DOMPurify),3.1,6.1,Network,Low,None,Required,Changed,Low,Low,None,,,,,HTTP,Yes,"25.1.200, 25.2.200",
CVE-2026-34274,2026-Q2,https://www.oracle.com/security-alerts/cpuapr2026.html,Oracle E-Business Suite,User Interface,3.1,6.1,Network,Low,None,Required,Changed,Low,Low,None,,,,,HTTP,Yes,12.2.3-12.2.15,
CVE-2026-34284,2026-Q2,https://www.oracle.com/security-alerts/cpuapr2026.html,Oracle Fusion Middleware,Human workflow 11g+,3.1,6.1,Network,Low,None,Required,Changed,Low,Low,None,,,,,HTTP,Yes,"12.2.1.4.0, 14.1.2.0.0",
CVE-2026-34283,2026-Q2,https://www.oracle.com/security-alerts/cpuapr2026.html,Oracle Fusion Middleware,Identity Console,3.1,6.1,Network,Low,None,Required,Changed,Low,Low,None,,,,,HTTP,Yes,"12.2.1.4.0, 14.1.2.0.0",
CVE-2025-54571,2026-Q2,https://www.oracle.com/security-alerts/cpuapr2026.html,Oracle Hyperion,Installation and Configuration (ModSecurity),3.1,6.1,Network,Low,None,Required,Changed,Low,Low,None,,,,,HTTP,Yes,11.2.24.0.000,
CVE-2026-34269,2026-Q2,https://www.oracle.com/security-alerts/cpuapr2026.html,Oracle PeopleSoft,Portal,3.1,6.1,Network,Low,None,Required,Changed,Low,Low,None,,,,,HTTP,Yes,8.61-8.62,
CVE-2026-22003,2026-Q2,https://www.oracle.com/security-alerts/cpuapr2026.html,Oracle Java SE,Hotspot,3.1,6.0,Local,High,Low,Required,Un- changed,None,High,High,,,,,None,No,"Oracle Java SE: 8u481, 8u481-b50; Oracle GraalVM Enterprise Edition: 21.3.17",See Note 1
CVE-2026-35247,2026-Q2,https://www.oracle.com/security-alerts/cpuapr2026.html,Oracle Virtualization,Core,3.1,6.0,Local,Low,High,None,Changed,High,None,None,,,,,None,No,7.2.6,
CVE-2025-9232,2026-Q2,https://www.oracle.com/security-alerts/cpuapr2026.html,Oracle Autonomous Health Framework,Command Line Interface and SDK (pynacl),3.1,5.9,Network,High,None,None,Un- changed,None,None,High,,,,,HTTP,Yes,25.11-26.1,
CVE-2025-33042,2026-Q2,https://www.oracle.com/security-alerts/cpuapr2026.html,Oracle GoldenGate,Third Party (Apache Avro),3.1,5.9,Local,Low,None,None,Un- changed,Low,Low,Low,,,,,None,No,"19.1.0.0.0-19.1.0.0.21, 21.3-21.21, 23.4-23.10",
CVE-2026-1642,2026-Q2,https://www.oracle.com/security-alerts/cpuapr2026.html,Oracle Communications,Mediation Engine (nginx),3.1,5.9,Network,High,None,None,Un- changed,None,High,None,,,,,HTTP,Yes,"5.2, 6.0, 6.1",
CVE-2025-41242,2026-Q2,https://www.oracle.com/security-alerts/cpuapr2026.html,Oracle E-Business Suite,ECC Core (Spring Framework),3.1,5.9,Network,High,None,None,Un- changed,High,None,None,,,,,HTTP,Yes,15.0,
CVE-2026-34288,2026-Q2,https://www.oracle.com/security-alerts/cpuapr2026.html,Oracle Fusion Middleware,Core,3.1,5.9,Network,High,None,None,Un- changed,High,None,None,,,,,HTTP,Yes,12.2.1.4.0,
CVE-2026-34289,2026-Q2,https://www.oracle.com/security-alerts/cpuapr2026.html,Oracle Fusion Middleware,Core,3.1,5.9,Network,High,None,None,Un- changed,High,None,None,,,,,HTTPS,Yes,12.2.1.4.0,
CVE-2026-34294,2026-Q2,https://www.oracle.com/security-alerts/cpuapr2026.html,Oracle Fusion Middleware,Microsoft Active Directory,3.1,5.9,Network,High,Low,None,Un- changed,Low,High,None,,,,,LDAP,No,12.2.1.4.0,
CVE-2024-45339,2026-Q2,https://www.oracle.com/security-alerts/cpuapr2026.html,Oracle Communications,Core (Golang Go),3.1,5.8,Local,Low,High,Required,Un- changed,High,High,None,,,,,None,No,7.0.0,
CVE-2025-53864,2026-Q2,https://www.oracle.com/security-alerts/cpuapr2026.html,Oracle Fusion Middleware,Security (Nimbus JOSE+JWT),3.1,5.8,Network,Low,None,None,Changed,None,None,Low,,,,,HTTP,Yes,"12.2.1.4.0, 14.1.2.0.0",
CVE-2026-34318,2026-Q2,https://www.oracle.com/security-alerts/cpuapr2026.html,Oracle MySQL,Shell: Core Client,3.1,5.8,Network,High,High,None,Changed,High,None,None,,,,,Multiple,No,"8.0.0-8.0.45, 8.4.0-8.4.8, 9.0.0-9.6.0",
CVE-2026-35241,2026-Q2,https://www.oracle.com/security-alerts/cpuapr2026.html,Oracle PeopleSoft,Research Tracking,3.1,5.7,Network,Low,Low,Required,Un- changed,High,None,None,,,,,HTTP,No,9.2,
CVE-2025-48795,2026-Q2,https://www.oracle.com/security-alerts/cpuapr2026.html,Oracle Communications,Security (Apache CXF),3.1,5.6,Network,High,None,None,Un- changed,Low,Low,Low,,,,,HTTP,Yes,25.1.200,
CVE-2025-48795,2026-Q2,https://www.oracle.com/security-alerts/cpuapr2026.html,Oracle Construction and Engineering,P6 Web Services (Apache CXF),3.1,5.6,Network,High,None,None,Un- changed,Low,Low,Low,,,,,HTTP,Yes,"24.12.0.0-24.12.13.0, 25.12.0.0",
CVE-2026-34302,2026-Q2,https://www.oracle.com/security-alerts/cpuapr2026.html,Oracle E-Business Suite,Workflow Loader,3.1,5.5,Network,Low,High,None,Changed,None,Low,Low,,,,,HTTP,No,12.2.3-12.2.15,
CVE-2021-28168,2026-Q2,https://www.oracle.com/security-alerts/cpuapr2026.html,Oracle Financial Services Applications,Platform (Eclipse Jersey),3.1,5.5,Local,Low,Low,None,Un- changed,High,None,None,,,,,None,No,"8.0.7.9, 8.0.8.7, 8.1.2.5",
CVE-2021-28168,2026-Q2,https://www.oracle.com/security-alerts/cpuapr2026.html,Oracle Analytics,Platform Security (Eclipse Jersey),3.1,5.5,Local,Low,Low,None,Un- changed,High,None,None,,,,,None,No,"7.6.0.0.0, 8.2.0.0.0",
CVE-2020-17521,2026-Q2,https://www.oracle.com/security-alerts/cpuapr2026.html,Oracle Utilities Applications,Security (Apache Groovy),3.1,5.5,Local,Low,Low,None,Un- changed,High,None,None,,,,,None,No,"4.3.0.5.0-4.3.0.6.0, 4.4.0.0.0-4.4.0.3.0",
CVE-2025-5318,2026-Q2,https://www.oracle.com/security-alerts/cpuapr2026.html,Oracle Blockchain Platform,BCS Console (libssh),3.1,5.4,Network,Low,Low,None,Un- changed,Low,Low,None,,,,,HTTP,No,24.1.3,
CVE-2025-5318,2026-Q2,https://www.oracle.com/security-alerts/cpuapr2026.html,Oracle Communications,Third Party (libssh),3.1,5.4,Network,Low,Low,None,Un- changed,Low,Low,None,,,,,SSH,No,"4.2.0, 5.0.0",
CVE-2026-35232,2026-Q2,https://www.oracle.com/security-alerts/cpuapr2026.html,Oracle Fusion Middleware,Dynamic Monitoring Service,3.1,5.4,Network,Low,Low,Required,Changed,Low,Low,None,,,,,HTTP,No,"12.2.1.4.0, 14.1.2.0.0",
CVE-2025-5318,2026-Q2,https://www.oracle.com/security-alerts/cpuapr2026.html,Oracle MySQL,Cluster: General (libssh),3.1,5.4,Network,Low,Low,None,Un- changed,Low,Low,None,,,,,Multiple,No,"8.0.0-8.0.44, 8.4.0-8.4.7, 9.0.0-9.5.0",
CVE-2026-22006,2026-Q2,https://www.oracle.com/security-alerts/cpuapr2026.html,Oracle PeopleSoft,Employee Snapshot,3.1,5.4,Network,Low,Low,Required,Changed,Low,Low,None,,,,,HTTP,No,9.2,
CVE-2026-22019,2026-Q2,https://www.oracle.com/security-alerts/cpuapr2026.html,Oracle PeopleSoft,Person Search,3.1,5.4,Network,Low,Low,Required,Changed,Low,Low,None,,,,,HTTP,No,9.2,
CVE-2026-34307,2026-Q2,https://www.oracle.com/security-alerts/cpuapr2026.html,Oracle PeopleSoft,Workflow,3.1,5.4,Network,Low,Low,Required,Changed,Low,Low,None,,,,,HTTP,No,8.61-8.62,
CVE-2026-21999,2026-Q2,https://www.oracle.com/security-alerts/cpuapr2026.html,Oracle Database Server,XML Database,3.1,5.3,Network,High,None,Required,Un- changed,High,None,None,,,,HTTP Listener,HTTPS,Yes,23.4.0-23.26.1,
CVE-2026-34273,2026-Q2,https://www.oracle.com/security-alerts/cpuapr2026.html,Oracle GoldenGate,Libraries,3.1,5.3,Network,Low,None,None,Un- changed,Low,None,None,,,,,HTTP,Yes,23.4-23.10,
CVE-2025-8916,2026-Q2,https://www.oracle.com/security-alerts/cpuapr2026.html,Oracle GoldenGate,Java Delivery (Bouncy Castle Java Library),3.1,5.3,Network,Low,None,None,Un- changed,None,None,Low,,,,,HTTPS,Yes,"21.3-21.20,23.4-23.10",
CVE-2025-66453,2026-Q2,https://www.oracle.com/security-alerts/cpuapr2026.html,Oracle REST Data Services,REST Services (Rhino),3.1,5.3,Network,Low,None,None,Un- changed,None,None,Low,,,,,HTTP,Yes,"24.2.0, 24.2.1, 24.3.0, 24.3.1, 24.4.0, 25.1.1, 25.2.0, 25.2.1, 25.2.2, 25.2.3, 25.3.0, 25.3.1, 25.4.0",
CVE-2025-61795,2026-Q2,https://www.oracle.com/security-alerts/cpuapr2026.html,Oracle Communications,Security (Apache Tomcat),3.1,5.3,Network,High,Low,None,Un- changed,None,None,High,,,,,HTTP,No,47.0.0.1.0,
CVE-2026-23903,2026-Q2,https://www.oracle.com/security-alerts/cpuapr2026.html,Oracle Communications,Third Party (Apache Shiro),3.1,5.3,Network,Low,None,None,Un- changed,Low,None,None,,,,,HTTP,Yes,9.0.0-9.0.4,
CVE-2026-23903,2026-Q2,https://www.oracle.com/security-alerts/cpuapr2026.html,Oracle Communications,Third Party (Apache Shiro),3.1,5.3,Network,Low,None,None,Un- changed,Low,None,None,,,,,HTTP,Yes,9.0.0-9.0.4,
CVE-2025-31672,2026-Q2,https://www.oracle.com/security-alerts/cpuapr2026.html,Oracle E-Business Suite,ECC Core (Apache POI),3.1,5.3,Network,Low,None,None,Un- changed,None,Low,None,,,,,HTTP,Yes,15.0,
CVE-2025-48924,2026-Q2,https://www.oracle.com/security-alerts/cpuapr2026.html,Oracle Financial Services Applications,Core (Apache Commons Lang),3.1,5.3,Network,Low,None,None,Un- changed,None,None,Low,,,,,HTTP,Yes,14.5.0.0.0-14.8.0.0.0,
CVE-2025-48924,2026-Q2,https://www.oracle.com/security-alerts/cpuapr2026.html,Oracle Financial Services Applications,Common Core (Apache Commons Lang),3.1,5.3,Network,Low,None,None,Un- changed,None,None,Low,,,,,HTTP,Yes,14.5.0.0.0-14.8.0.0.0,
CVE-2025-48924,2026-Q2,https://www.oracle.com/security-alerts/cpuapr2026.html,Oracle Financial Services Applications,Platform (Apache Commons Lang),3.1,5.3,Network,Low,None,None,Un- changed,None,None,Low,,,,,HTTP,Yes,14.5.0.0.0-14.8.0.0.0,
CVE-2025-48924,2026-Q2,https://www.oracle.com/security-alerts/cpuapr2026.html,Oracle Financial Services Applications,Documaker Core (Apache Commons Lang),3.1,5.3,Network,Low,None,None,Un- changed,None,None,Low,,,,,HTTP,Yes,12.7.2-13.0.2,
CVE-2025-41249,2026-Q2,https://www.oracle.com/security-alerts/cpuapr2026.html,Oracle Financial Services Applications,Documaker Core (Spring Framework),3.1,5.3,Network,Low,None,None,Un- changed,Low,None,None,,,,,HTTP,Yes,12.7.2-13.0.2,
CVE-2025-48924,2026-Q2,https://www.oracle.com/security-alerts/cpuapr2026.html,Oracle Financial Services Applications,Apache Commons (Apache Commons Lang),3.1,5.3,Network,Low,None,None,Un- changed,None,None,Low,,,,,HTTP,Yes,"14.8.0.0.0, 14.10.0.0.0-14.12.0.0.0",
CVE-2025-48924,2026-Q2,https://www.oracle.com/security-alerts/cpuapr2026.html,Oracle Fusion Middleware,ADF Faces (Apache Commons Lang),3.1,5.3,Network,Low,None,None,Un- changed,None,None,Low,,,,,HTTP,Yes,14.1.2.0.0,
CVE-2025-31672,2026-Q2,https://www.oracle.com/security-alerts/cpuapr2026.html,Oracle Fusion Middleware,ADF Faces (Apache POI),3.1,5.3,Network,Low,None,None,Un- changed,None,Low,None,,,,,HTTP,Yes,14.1.2.0.0,
CVE-2025-48924,2026-Q2,https://www.oracle.com/security-alerts/cpuapr2026.html,Oracle Fusion Middleware,Composer (Apache Commons Lang),3.1,5.3,Network,Low,None,None,Un- changed,None,None,Low,,,,,HTTP,Yes,14.1.2.0.0,
CVE-2025-48924,2026-Q2,https://www.oracle.com/security-alerts/cpuapr2026.html,Oracle Fusion Middleware,Third Party (Apache Commons Lang),3.1,5.3,Network,Low,None,None,Un- changed,None,None,Low,,,,,HTTP,Yes,12.2.1.4.0,
CVE-2025-8916,2026-Q2,https://www.oracle.com/security-alerts/cpuapr2026.html,Oracle Fusion Middleware,Thirdparty Patch (Bouncy Castle Java Library),3.1,5.3,Network,Low,None,None,Un- changed,None,None,Low,,,,,HTTPS,Yes,14.1.2.0.0,
CVE-2025-48924,2026-Q2,https://www.oracle.com/security-alerts/cpuapr2026.html,Oracle Fusion Middleware,Third Party (Apache Commons Lang),3.1,5.3,Network,Low,None,None,Un- changed,None,None,Low,,,,,HTTP,Yes,"12.2.1.4.0, 14.1.2.0.0",
CVE-2025-8916,2026-Q2,https://www.oracle.com/security-alerts/cpuapr2026.html,Oracle Fusion Middleware,Centralized Thirdparty Jars (Bouncy Castle Java Library),3.1,5.3,Network,Low,None,None,Un- changed,None,None,Low,,,,,HTTPS,Yes,"12.2.1.4.0, 14.1.1.0.0",
CVE-2025-48924,2026-Q2,https://www.oracle.com/security-alerts/cpuapr2026.html,Oracle Analytics,BI Publisher Microservice (Apache Commons Lang),3.1,5.3,Network,Low,None,None,Un- changed,None,None,Low,,,,,HTTP,Yes,"7.6.0.0.0, 8.2.0.0.0",
CVE-2025-59419,2026-Q2,https://www.oracle.com/security-alerts/cpuapr2026.html,Oracle Analytics,Platform Security (netty-codec-smtp),3.1,5.3,Network,Low,None,None,Un- changed,None,Low,None,,,,,SMTP,Yes,8.2.0.0.0,
CVE-2026-22021,2026-Q2,https://www.oracle.com/security-alerts/cpuapr2026.html,Oracle Java SE,JSSE,3.1,5.3,Network,Low,None,None,Un- changed,None,None,Low,,,,,HTTPS,Yes,"Oracle Java SE: 8u481, 8u481-b50, 8u481-perf, 11.0.30, 17.0.18, 21.0.10, 25.0.2, 26; Oracle GraalVM for JDK: 17.0.18, 21.0.10; Oracle GraalVM Enterprise Edition: 21.3.17",See Note 2
CVE-2026-22013,2026-Q2,https://www.oracle.com/security-alerts/cpuapr2026.html,Oracle Java SE,JGSS,3.1,5.3,Network,High,None,Required,Un- changed,High,None,None,,,,,Multiple,Yes,"Oracle Java SE: 8u481, 8u481-b50, 8u481-perf, 11.0.30, 17.0.18, 21.0.10, 25.0.2, 26; Oracle GraalVM for JDK: 17.0.18, 21.0.10; Oracle GraalVM Enterprise Edition: 21.3.17",See Note 1
CVE-2026-23865,2026-Q2,https://www.oracle.com/security-alerts/cpuapr2026.html,Oracle Java SE,2D (FreeType),3.1,5.3,Local,Low,None,Required,Un- changed,Low,Low,Low,,,,,None,No,"Oracle Java SE: 11.0.30, 17.0.18, 21.0.10, 25.0.2, 26; Oracle GraalVM for JDK: 17.0.18, 21.0.10; Oracle GraalVM Enterprise Edition: 21.3.17",See Note 2
CVE-2025-48924,2026-Q2,https://www.oracle.com/security-alerts/cpuapr2026.html,Oracle JD Edwards,Web Runtime Security (Apache Commons Lang),3.1,5.3,Network,Low,None,None,Un- changed,None,None,Low,,,,,HTTP,Yes,9.2.0.0-9.2.26.1,
CVE-2025-48924,2026-Q2,https://www.oracle.com/security-alerts/cpuapr2026.html,Oracle Retail Applications,Application Core (Apache Commons Lang),3.1,5.3,Network,Low,None,None,Un- changed,None,None,Low,,,,,TCP,Yes,"15.0, 16.0",
CVE-2025-48924,2026-Q2,https://www.oracle.com/security-alerts/cpuapr2026.html,Oracle Retail Applications,Security (Apache Commons Lang),3.1,5.3,Network,Low,None,None,Un- changed,None,None,Low,,,,,HTTP,Yes,16.0,
CVE-2025-48924,2026-Q2,https://www.oracle.com/security-alerts/cpuapr2026.html,Oracle Siebel CRM,Keyword Automation (Apache Commons Lang),3.1,5.3,Network,Low,None,None,Un- changed,None,None,Low,,,,,HTTP,Yes,17.0-26.2,
CVE-2024-36124,2026-Q2,https://www.oracle.com/security-alerts/cpuapr2026.html,Oracle Siebel CRM,Open Integration (Snappy),3.1,5.3,Network,Low,None,None,Un- changed,None,None,Low,,,,,HTTP,Yes,17.0-26.1,
CVE-2025-48924,2026-Q2,https://www.oracle.com/security-alerts/cpuapr2026.html,Oracle Utilities Applications,Tools (Apache Commons Lang),3.1,5.3,Network,Low,None,None,Un- changed,None,None,Low,,,,,HTTP,Yes,"7.0.0.0.7, 7.0.0.1.5, 25.4.0.0.2",
CVE-2026-35244,2026-Q2,https://www.oracle.com/security-alerts/cpuapr2026.html,Oracle Hyperion,Lifecycle Management,3.1,5.2,Network,Low,High,Required,Un- changed,Low,High,None,,,,,HTTP,No,11.2.24.0.000,
CVE-2026-34317,2026-Q2,https://www.oracle.com/security-alerts/cpuapr2026.html,Oracle MySQL,Shell: Core Client,3.1,5.0,Local,Low,Low,Required,Un- changed,None,None,High,,,,,None,No,"8.0.0-8.0.45, 8.4.0-8.4.8, 9.0.0-9.6.0",
CVE-2026-34319,2026-Q2,https://www.oracle.com/security-alerts/cpuapr2026.html,Oracle MySQL,Shell: Core Client,3.1,5.0,Local,Low,Low,Required,Un- changed,None,None,High,,,,,None,No,"8.0.0-8.0.45, 8.4.0-8.4.8, 9.0.0-9.6.0",
CVE-2026-35248,2026-Q2,https://www.oracle.com/security-alerts/cpuapr2026.html,Oracle Virtualization,Core,3.1,5.0,Local,High,High,None,Changed,Low,Low,Low,,,,,None,No,7.2.6,
CVE-2025-15284,2026-Q2,https://www.oracle.com/security-alerts/cpuapr2026.html,Oracle Communications,Core (qs),3.1,4.9,Network,Low,High,None,Un- changed,None,None,High,,,,,HTTP,No,6.1.1-7.0.0,
CVE-2025-66418,2026-Q2,https://www.oracle.com/security-alerts/cpuapr2026.html,Oracle Communications,Core (urllib3),3.1,4.9,Network,Low,High,None,Un- changed,None,None,High,,,,,HTTP,No,6.1.1-7.0.0,
CVE-2025-9230,2026-Q2,https://www.oracle.com/security-alerts/cpuapr2026.html,Oracle Communications,Core (OpenSSL),3.1,4.9,Network,Low,High,None,Un- changed,None,None,High,,,,,HTTPS,No,6.1.1-7.0.0,
CVE-2025-46392,2026-Q2,https://www.oracle.com/security-alerts/cpuapr2026.html,Oracle Financial Services Applications,Common Core (Apache Commons Configuration),3.1,4.9,Network,Low,High,None,Un- changed,None,None,High,,,,,HTTP,No,14.5.0.0.0-14.8.0.0.0,
CVE-2025-48976,2026-Q2,https://www.oracle.com/security-alerts/cpuapr2026.html,Oracle Financial Services Applications,Platform (Apache Commons FileUpload),3.1,4.9,Network,Low,High,None,Un- changed,None,None,High,,,,,HTTP,No,14.5.0.0.0-14.8.0.0.0,
CVE-2025-58057,2026-Q2,https://www.oracle.com/security-alerts/cpuapr2026.html,Oracle Financial Services Applications,Platform (Netty),3.1,4.9,Network,Low,High,None,Un- changed,None,None,High,,,,,HTTP,No,14.5.0.0.0-14.8.0.0.0,
CVE-2026-22004,2026-Q2,https://www.oracle.com/security-alerts/cpuapr2026.html,Oracle MySQL,InnoDB,3.1,4.9,Network,Low,High,None,Un- changed,None,None,High,,,,,MySQL Protocol,No,"8.0.0-8.0.45, 8.4.0-8.4.8, 9.0.0-9.6.0",
CVE-2026-34304,2026-Q2,https://www.oracle.com/security-alerts/cpuapr2026.html,Oracle MySQL,InnoDB,3.1,4.9,Network,Low,High,None,Un- changed,None,None,High,,,,,MySQL Protocol,No,"8.0.0-8.0.45, 8.4.0-8.4.8, 9.0.0-9.6.0",
CVE-2026-35236,2026-Q2,https://www.oracle.com/security-alerts/cpuapr2026.html,Oracle MySQL,InnoDB,3.1,4.9,Network,Low,High,None,Un- changed,None,None,High,,,,,MySQL Protocol,No,"8.0.0-8.0.45, 8.4.0-8.4.8, 9.0.0-9.6.0",
CVE-2026-35237,2026-Q2,https://www.oracle.com/security-alerts/cpuapr2026.html,Oracle MySQL,InnoDB,3.1,4.9,Network,Low,High,None,Un- changed,None,None,High,,,,,MySQL Protocol,No,"8.0.0-8.0.45, 8.4.0-8.4.8, 9.0.0-9.6.0",
CVE-2026-35238,2026-Q2,https://www.oracle.com/security-alerts/cpuapr2026.html,Oracle MySQL,InnoDB,3.1,4.9,Network,Low,High,None,Un- changed,None,None,High,,,,,MySQL Protocol,No,"8.0.0-8.0.45, 8.4.0-8.4.8, 9.0.0-9.6.0",
CVE-2026-34293,2026-Q2,https://www.oracle.com/security-alerts/cpuapr2026.html,Oracle MySQL,Server: DML,3.1,4.9,Network,Low,High,None,Un- changed,None,None,High,,,,,MySQL Protocol,No,8.0.0-8.0.45,
CVE-2026-35239,2026-Q2,https://www.oracle.com/security-alerts/cpuapr2026.html,Oracle MySQL,Server: DML,3.1,4.9,Network,Low,High,None,Un- changed,None,None,High,,,,,MySQL Protocol,No,"8.0.0-8.0.45, 8.4.0-8.4.8, 9.0.0-9.6.0",
CVE-2026-35235,2026-Q2,https://www.oracle.com/security-alerts/cpuapr2026.html,Oracle MySQL,Server: GIS,3.1,4.9,Network,Low,High,None,Un- changed,None,None,High,,,,,MySQL Protocol,No,9.0.0-9.6.0,
CVE-2026-21998,2026-Q2,https://www.oracle.com/security-alerts/cpuapr2026.html,Oracle MySQL,Server: Optimizer,3.1,4.9,Network,Low,High,None,Un- changed,None,None,High,,,,,MySQL Protocol,No,"8.0.0-8.0.45, 8.4.0-8.4.8, 9.0.0-9.6.0",
CVE-2026-22005,2026-Q2,https://www.oracle.com/security-alerts/cpuapr2026.html,Oracle MySQL,Server: Optimizer,3.1,4.9,Network,Low,High,None,Un- changed,None,None,High,,,,,MySQL Protocol,No,"8.0.0-8.0.45, 8.4.0-8.4.8, 9.0.0-9.6.0",
CVE-2026-22002,2026-Q2,https://www.oracle.com/security-alerts/cpuapr2026.html,Oracle MySQL,Server: Optimizer,3.1,4.9,Network,Low,High,None,Un- changed,None,None,High,,,,,MySQL Protocol,No,"8.0.0-8.0.45, 8.4.0-8.4.8, 9.0.0-9.6.0",
CVE-2026-34267,2026-Q2,https://www.oracle.com/security-alerts/cpuapr2026.html,Oracle MySQL,Server: Optimizer,3.1,4.9,Network,Low,High,None,Un- changed,None,None,High,,,,,MySQL Protocol,No,8.0.0-8.0.45,
CVE-2026-34278,2026-Q2,https://www.oracle.com/security-alerts/cpuapr2026.html,Oracle MySQL,Server: Optimizer,3.1,4.9,Network,Low,High,None,Un- changed,None,None,High,,,,,MySQL Protocol,No,8.0.0-8.0.45,
CVE-2026-35240,2026-Q2,https://www.oracle.com/security-alerts/cpuapr2026.html,Oracle MySQL,Server: Optimizer,3.1,4.9,Network,Low,High,None,Un- changed,None,None,High,,,,,MySQL Protocol,No,"8.0.0-8.0.45, 8.4.0-8.4.8, 9.0.0-9.6.0",
CVE-2026-35234,2026-Q2,https://www.oracle.com/security-alerts/cpuapr2026.html,Oracle MySQL,Server: Partition,3.1,4.9,Network,Low,High,None,Un- changed,None,None,High,,,,,MySQL Protocol,No,9.0.0-9.6.0,
CVE-2025-68161,2026-Q2,https://www.oracle.com/security-alerts/cpuapr2026.html,Oracle Communications,Platform (Apache Log4j),3.1,4.8,Network,High,None,None,Un- changed,Low,Low,None,,,,,TLS,Yes,"15.0.0.0.0-15.0.1.0.0, 15.1.0.0.0-15.2.0.0.0",
CVE-2025-68161,2026-Q2,https://www.oracle.com/security-alerts/cpuapr2026.html,Oracle Communications,Security issues (Apache Log4j),3.1,4.8,Network,High,None,None,Un- changed,Low,Low,None,,,,,TLS,Yes,"15.0.0.0-15.0.1.0, 15.1.0.0-15.2.0.0",
CVE-2025-68161,2026-Q2,https://www.oracle.com/security-alerts/cpuapr2026.html,Oracle Communications,Configuration (Apache Log4j),3.1,4.8,Network,High,None,None,Un- changed,Low,Low,None,,,,,TLS,Yes,3.0.3.4.0,
CVE-2025-68161,2026-Q2,https://www.oracle.com/security-alerts/cpuapr2026.html,Oracle Communications,Security (Apache Log4j),3.1,4.8,Network,High,None,None,Un- changed,Low,Low,None,,,,,TLS,Yes,47.0.0.1.0,
CVE-2025-68161,2026-Q2,https://www.oracle.com/security-alerts/cpuapr2026.html,Oracle Communications,Installation (Apache Log4j),3.1,4.8,Network,High,None,None,Un- changed,Low,Low,None,,,,,TLS,Yes,10.0.1.8.0,
CVE-2025-68161,2026-Q2,https://www.oracle.com/security-alerts/cpuapr2026.html,Oracle Communications,Installation (Apache Log4j),3.1,4.8,Network,High,None,None,Un- changed,Low,Low,None,,,,,TLS,Yes,"15.0.0.0.0-15.0.1.0.0, 15.1.0.0.0-15.2.0.0.0",
CVE-2025-68161,2026-Q2,https://www.oracle.com/security-alerts/cpuapr2026.html,Oracle Communications,Security (Apache Log4j),3.1,4.8,Network,High,None,None,Un- changed,Low,Low,None,,,,,TLS,Yes,"7.5.0, 8.0.0",
CVE-2025-68161,2026-Q2,https://www.oracle.com/security-alerts/cpuapr2026.html,Oracle Communications,Management (Apache Log4j),3.1,4.8,Network,High,None,None,Un- changed,Low,Low,None,,,,,TLS,Yes,10.5.0.0-10.5.0.2,
CVE-2025-68161,2026-Q2,https://www.oracle.com/security-alerts/cpuapr2026.html,Oracle Communications,Configuration Management Platform (Apache Log4j),3.1,4.8,Network,High,None,None,Un- changed,Low,Low,None,,,,,TLS,Yes,15.0.0.0.0,
CVE-2025-68161,2026-Q2,https://www.oracle.com/security-alerts/cpuapr2026.html,Oracle Communications,Core (Apache Log4j),3.1,4.8,Network,High,None,None,Un- changed,Low,Low,None,,,,,TLS,Yes,6.1.1,
CVE-2025-68161,2026-Q2,https://www.oracle.com/security-alerts/cpuapr2026.html,Oracle Communications,Security Component (Apache Log4j),3.1,4.8,Network,High,None,None,Un- changed,Low,Low,None,,,,,TLS,Yes,"7.5.0, 7.5.1, 7.6.0, 7.7.0, 7.8.0, 8.0.0",
CVE-2025-68161,2026-Q2,https://www.oracle.com/security-alerts/cpuapr2026.html,Oracle Construction and Engineering,Platform (Apache Log4j),3.1,4.8,Network,High,None,None,Un- changed,Low,Low,None,,,,,TLS,Yes,"21.12.0-21.12.17, 22.12.0-22.12.15, 23.12.0-23.12.16, 24.12.0-24.12.13, 25.12.0-25.12.3",
CVE-2025-68161,2026-Q2,https://www.oracle.com/security-alerts/cpuapr2026.html,Oracle E-Business Suite,ECC Core (Apache Log4j),3.1,4.8,Network,High,None,None,Un- changed,Low,Low,None,,,,,TLS,Yes,15.0,
CVE-2025-68161,2026-Q2,https://www.oracle.com/security-alerts/cpuapr2026.html,Oracle Enterprise Manager,OCM Request Tunnel (Apache Log4j),3.1,4.8,Network,High,None,None,Un- changed,Low,Low,None,,,,,TLS,Yes,"13.5, 24.1",
CVE-2025-68161,2026-Q2,https://www.oracle.com/security-alerts/cpuapr2026.html,Oracle Enterprise Manager,Enterprise Manager Install (Apache Log4j),3.1,4.8,Network,High,None,None,Un- changed,Low,Low,None,,,,,TLS,Yes,"13.5, 24.1",
CVE-2025-68161,2026-Q2,https://www.oracle.com/security-alerts/cpuapr2026.html,Oracle Enterprise Manager,Oracle Management Service (Apache Log4j),3.1,4.8,Network,High,None,None,Un- changed,Low,Low,None,,,,,TLS,Yes,"13.5, 24.1",
CVE-2025-68161,2026-Q2,https://www.oracle.com/security-alerts/cpuapr2026.html,Oracle Financial Services Applications,Platform (Apache Log4j),3.1,4.8,Network,High,None,None,Un- changed,Low,Low,None,,,,,TLS,Yes,14.5.0.0.0-14.8.0.0.0,
CVE-2026-34321,2026-Q2,https://www.oracle.com/security-alerts/cpuapr2026.html,Oracle Financial Services Applications,User Interface,3.1,4.8,Network,High,Low,Required,Un- changed,High,None,None,,,,,HTTP,No,"8.0.7.9, 8.0.8.7, 8.1.2.5",
CVE-2025-68161,2026-Q2,https://www.oracle.com/security-alerts/cpuapr2026.html,Oracle Financial Services Applications,Platform (Apache Log4j),3.1,4.8,Network,High,None,None,Un- changed,Low,Low,None,,,,,TLS,Yes,"8.0.7.9, 8.0.8.7, 8.1.2.5",
CVE-2025-68161,2026-Q2,https://www.oracle.com/security-alerts/cpuapr2026.html,Oracle Financial Services Applications,Third Party (Apache Log4j),3.1,4.8,Network,High,None,None,Un- changed,Low,Low,None,,,,,TLS,Yes,"8.0.8.1, 8.1.2.10, 8.1.2.11",
CVE-2025-68161,2026-Q2,https://www.oracle.com/security-alerts/cpuapr2026.html,Oracle Financial Services Applications,Installers (Apache Log4j),3.1,4.8,Network,High,None,None,Un- changed,Low,Low,None,,,,,TLS,Yes,"8.0.8.2, 8.1.2.10, 8.1.2.11",
CVE-2025-68161,2026-Q2,https://www.oracle.com/security-alerts/cpuapr2026.html,Oracle Financial Services Applications,Installer (Apache Log4j),3.1,4.8,Network,High,None,None,Un- changed,Low,Low,None,,,,,TLS,Yes,8.1.2.7,
CVE-2025-68161,2026-Q2,https://www.oracle.com/security-alerts/cpuapr2026.html,Oracle Financial Services Applications,Platform (Apache Log4j),3.1,4.8,Network,High,None,None,Un- changed,Low,Low,None,,,,,TLS,Yes,8.0.8,
CVE-2025-68161,2026-Q2,https://www.oracle.com/security-alerts/cpuapr2026.html,Oracle Financial Services Applications,Architecture (Apache Log4j),3.1,4.8,Network,High,None,None,Un- changed,Low,Low,None,,,,,TLS,Yes,"11.3.1.0, 11.3.2.0, 12.0.5.0, 12.1.1.0",
CVE-2025-68161,2026-Q2,https://www.oracle.com/security-alerts/cpuapr2026.html,Oracle Fusion Middleware,Runtime Engine (Apache Log4j),3.1,4.8,Network,High,None,None,Un- changed,Low,Low,None,,,,,TLS,Yes,"12.2.1.4.0, 14.1.2.0.0",
CVE-2025-68161,2026-Q2,https://www.oracle.com/security-alerts/cpuapr2026.html,Oracle Fusion Middleware,Security (Apache Log4j),3.1,4.8,Network,High,None,None,Un- changed,Low,Low,None,,,,,TLS,Yes,12.2.1.4.0,
CVE-2025-68161,2026-Q2,https://www.oracle.com/security-alerts/cpuapr2026.html,Oracle Fusion Middleware,Installer (Apache Log4j),3.1,4.8,Network,High,None,None,Un- changed,Low,Low,None,,,,,TLS,Yes,"12.2.1.4.0, 14.1.2.1.0",
CVE-2025-68161,2026-Q2,https://www.oracle.com/security-alerts/cpuapr2026.html,Oracle Fusion Middleware,MFT Runtime Server (Apache Log4j),3.1,4.8,Network,High,None,None,Un- changed,Low,Low,None,,,,,TLS,Yes,"12.2.1.4.0, 14.1.2.0.0",
CVE-2025-68161,2026-Q2,https://www.oracle.com/security-alerts/cpuapr2026.html,Oracle Fusion Middleware,Thirdparty Patch (Apache Log4j),3.1,4.8,Network,High,None,None,Un- changed,Low,Low,None,,,,,TLS,Yes,"12.2.1.4.0, 14.1.2.0.0",
CVE-2025-68161,2026-Q2,https://www.oracle.com/security-alerts/cpuapr2026.html,Oracle Fusion Middleware,Thick Client (Apache Log4j),3.1,4.8,Network,High,None,None,Un- changed,Low,Low,None,,,,,TLS,Yes,"12.2.1.4.0, 14.1.2.0.0",
CVE-2025-68161,2026-Q2,https://www.oracle.com/security-alerts/cpuapr2026.html,Oracle Fusion Middleware,Centralized Third Party Jars (Apache Log4j),3.1,4.8,Network,High,None,None,Un- changed,Low,Low,None,,,,,TLS,Yes,"12.2.1.4.0, 14.1.1.0.0, 14.1.2.0.0, 15.1.1.0.0",
CVE-2025-68161,2026-Q2,https://www.oracle.com/security-alerts/cpuapr2026.html,Oracle Analytics,Analytics Server (Apache Log4j),3.1,4.8,Network,High,None,None,Un- changed,Low,Low,None,,,,,TLS,Yes,"7.6.0.0.0, 8.2.0.0.0",
CVE-2025-68161,2026-Q2,https://www.oracle.com/security-alerts/cpuapr2026.html,Oracle Life Science Applications,Common Core (Apache Log4j),3.1,4.8,Network,High,None,None,Un- changed,Low,Low,None,,,,,TLS,Yes,9.2.1-9.2.3,
CVE-2025-68161,2026-Q2,https://www.oracle.com/security-alerts/cpuapr2026.html,Oracle PeopleSoft,OpenSearch (Apache Log4j),3.1,4.8,Network,High,None,None,Un- changed,Low,Low,None,,,,,TLS,Yes,8.61-8.62,
CVE-2025-68161,2026-Q2,https://www.oracle.com/security-alerts/cpuapr2026.html,Oracle Retail Applications,Application Core (Apache Log4j),3.1,4.8,Network,High,None,None,Un- changed,Low,Low,None,,,,,TLS,Yes,"15.0, 16.0",
CVE-2025-68161,2026-Q2,https://www.oracle.com/security-alerts/cpuapr2026.html,Oracle Retail Applications,BDI Job Scheduler (Apache Log4j),3.1,4.8,Network,High,None,None,Un- changed,Low,Low,None,,,,,TLS,Yes,"16.0.3, 19.0.1",
CVE-2025-68161,2026-Q2,https://www.oracle.com/security-alerts/cpuapr2026.html,Oracle Retail Applications,Core/Plugin (Apache Log4j),3.1,4.8,Network,High,None,None,Un- changed,Low,Low,None,,,,,TLS,Yes,21.0.0-25.0.0,
CVE-2025-68161,2026-Q2,https://www.oracle.com/security-alerts/cpuapr2026.html,Oracle Retail Applications,Mathematical Operators (Apache Log4j),3.1,4.8,Network,High,None,None,Un- changed,Low,Low,None,,,,,TLS,Yes,13.0.5,
CVE-2025-68161,2026-Q2,https://www.oracle.com/security-alerts/cpuapr2026.html,Oracle Retail Applications,PeopleSoft Integration (Apache Log4j),3.1,4.8,Network,High,None,None,Un- changed,Low,Low,None,,,,,TLS,Yes,"16.0.3, 19.0.1",
CVE-2025-68161,2026-Q2,https://www.oracle.com/security-alerts/cpuapr2026.html,Oracle Retail Applications,NF Issuing (Apache Log4j),3.1,4.8,Network,High,None,None,Un- changed,Low,Low,None,,,,,TLS,Yes,14.2,
CVE-2025-68161,2026-Q2,https://www.oracle.com/security-alerts/cpuapr2026.html,Oracle Retail Applications,RIB Kernal (Apache Log4j),3.1,4.8,Network,High,None,None,Un- changed,Low,Low,None,,,,,TLS,Yes,"16.0.3, 19.0.1",
CVE-2025-68161,2026-Q2,https://www.oracle.com/security-alerts/cpuapr2026.html,Oracle Retail Applications,Application Core (Apache Log4j),3.1,4.8,Network,High,None,None,Un- changed,Low,Low,None,,,,,TLS,Yes,"15.0, 16.0",
CVE-2025-68161,2026-Q2,https://www.oracle.com/security-alerts/cpuapr2026.html,Oracle Retail Applications,Security (Apache Log4j),3.1,4.8,Network,High,None,None,Un- changed,Low,Low,None,,,,,TLS,Yes,"16.0.3, 19.0.1",
CVE-2025-68161,2026-Q2,https://www.oracle.com/security-alerts/cpuapr2026.html,Oracle Retail Applications,RPAS Fusion Client (Apache Log4j),3.1,4.8,Network,High,None,None,Un- changed,Low,Low,None,,,,,TLS,Yes,16.0.3,
CVE-2025-68161,2026-Q2,https://www.oracle.com/security-alerts/cpuapr2026.html,Oracle Retail Applications,Security (Apache Log4j),3.1,4.8,Network,High,None,None,Un- changed,Low,Low,None,,,,,TLS,Yes,16.0.3,
CVE-2025-68161,2026-Q2,https://www.oracle.com/security-alerts/cpuapr2026.html,Oracle Retail Applications,RSB Installation (Apache Log4j),3.1,4.8,Network,High,None,None,Un- changed,Low,Low,None,,,,,TLS,Yes,"16.0.3, 19.0.1",
CVE-2025-68161,2026-Q2,https://www.oracle.com/security-alerts/cpuapr2026.html,Oracle Siebel CRM,Siebel Approval Manager (Apache Log4j),3.1,4.8,Network,High,None,None,Un- changed,Low,Low,None,,,,,TLS,Yes,17.0-26.2,
CVE-2025-68161,2026-Q2,https://www.oracle.com/security-alerts/cpuapr2026.html,Oracle Siebel CRM,EAI (Apache Log4j),3.1,4.8,Network,High,None,None,Un- changed,Low,Low,None,,,,,TLS,Yes,17.0-26.2,
CVE-2025-68161,2026-Q2,https://www.oracle.com/security-alerts/cpuapr2026.html,Oracle Supply Chain,Installation Issues (Apache Log4j),3.1,4.8,Network,High,None,None,Un- changed,Low,Low,None,,,,,TLS,Yes,3.6.1,
CVE-2025-68161,2026-Q2,https://www.oracle.com/security-alerts/cpuapr2026.html,Oracle Utilities Applications,Security (Apache Log4j),3.1,4.8,Network,High,None,None,Un- changed,Low,Low,None,,,,,TLS,Yes,"4.3.0.5.0-4.3.0.6.0, 4.4.0.0.0-4.4.0.4.0, 4.5.0.0.0-4.5.0.2.0, 25.4, 25.10, 26.4",
CVE-2025-68161,2026-Q2,https://www.oracle.com/security-alerts/cpuapr2026.html,Oracle Utilities Applications,Tools (Apache Log4j),3.1,4.8,Network,High,None,None,Un- changed,Low,Low,None,,,,,TLS,Yes,"7.0.0.0.7, 7.0.0.1.5, 25.4.0.0.2",
CVE-2025-68161,2026-Q2,https://www.oracle.com/security-alerts/cpuapr2026.html,Oracle GoldenGate,Third Party (Apache Log4j),3.1,4.7,Network,High,None,Required,Changed,Low,Low,None,,,,,TLS,Yes,23.4-23.26.1,
CVE-2026-34298,2026-Q2,https://www.oracle.com/security-alerts/cpuapr2026.html,Oracle E-Business Suite,Personalization,3.1,4.7,Network,Low,High,None,Un- changed,Low,Low,Low,,,,,HTTP,No,12.2.9-12.2.15,
CVE-2023-35116,2026-Q2,https://www.oracle.com/security-alerts/cpuapr2026.html,Oracle Analytics,Platform Security (jackson-databind),3.1,4.7,Local,High,Low,None,Un- changed,None,None,High,,,,,None,No,8.2.0.0.0,
CVE-2025-58057,2026-Q2,https://www.oracle.com/security-alerts/cpuapr2026.html,Oracle Communications,Core (Netty),3.1,4.5,Network,Low,High,Required,Un- changed,None,None,High,,,,,HTTP,No,6.1.1-7.0.0,
CVE-2025-41249,2026-Q2,https://www.oracle.com/security-alerts/cpuapr2026.html,Oracle Communications,Core (Spring Framework),3.1,4.5,Network,Low,High,Required,Un- changed,High,None,None,,,,,HTTP,No,6.1.1-7.0.0,
CVE-2025-41248,2026-Q2,https://www.oracle.com/security-alerts/cpuapr2026.html,Oracle Communications,Core (Spring Security),3.1,4.5,Network,Low,High,Required,Un- changed,High,None,None,,,,,HTTP,No,6.1.1-7.0.0,
CVE-2025-9086,2026-Q2,https://www.oracle.com/security-alerts/cpuapr2026.html,Oracle Communications,Core (curl),3.1,4.5,Network,Low,High,Required,Un- changed,None,None,High,,,,,HTTP,No,6.1.1-7.0.0,
CVE-2026-26007,2026-Q2,https://www.oracle.com/security-alerts/cpuapr2026.html,Oracle Communications,Core (Cryptography),3.1,4.5,Network,Low,High,Required,Un- changed,High,None,None,,,,,HTTPS,No,6.1.1-7.0.0,
CVE-2026-24734,2026-Q2,https://www.oracle.com/security-alerts/cpuapr2026.html,Oracle Communications,Core (Apache Tomcat),3.1,4.5,Network,Low,High,Required,Un- changed,None,High,None,,,,,TLS,No,6.1.1-7.0.0,
CVE-2026-21637,2026-Q2,https://www.oracle.com/security-alerts/cpuapr2026.html,Oracle Communications,Core (Node.js),3.1,4.5,Network,Low,High,Required,Un- changed,None,None,High,,,,,TLS,No,6.1.1-7.0.0,
CVE-2025-48924,2026-Q2,https://www.oracle.com/security-alerts/cpuapr2026.html,Oracle GoldenGate,Third Party (Apache Commons Lang),3.1,4.3,Network,Low,Low,None,Un- changed,None,None,Low,,,,,HTTP,No,23.4-23.10,
CVE-2025-27821,2026-Q2,https://www.oracle.com/security-alerts/cpuapr2026.html,Oracle Communications,Core (Apache Hadoop),3.1,4.3,Network,Low,High,Required,Un- changed,Low,Low,Low,,,,,HTTP,No,6.1.1-7.0.0,
CVE-2025-41254,2026-Q2,https://www.oracle.com/security-alerts/cpuapr2026.html,Oracle Financial Services Applications,Platform (Spring Framework),3.1,4.3,Network,Low,None,Required,Un- changed,None,Low,None,,,,,HTTP,Yes,"8.0.7.9, 8.0.8.7, 8.1.2.5",
CVE-2025-41254,2026-Q2,https://www.oracle.com/security-alerts/cpuapr2026.html,Oracle Fusion Middleware,Third Party (Spring Web Services),3.1,4.3,Network,Low,None,Required,Un- changed,None,Low,None,,,,,HTTP,Yes,"12.2.1.4.0, 14.1.2.0.0",
CVE-2026-22015,2026-Q2,https://www.oracle.com/security-alerts/cpuapr2026.html,Oracle MySQL,Server: Information Schema,3.1,4.3,Network,Low,Low,None,Un- changed,Low,None,None,,,,,MySQL Protocol,No,"8.0.0-8.0.45, 8.4.0-8.4.8, 9.0.0-9.6.0",
CVE-2026-34296,2026-Q2,https://www.oracle.com/security-alerts/cpuapr2026.html,Oracle Supply Chain,Product Quality Management,3.1,4.3,Network,Low,Low,None,Un- changed,Low,None,None,,,,,HTTP,No,6.2.4,
CVE-2025-26791,2026-Q2,https://www.oracle.com/security-alerts/cpuapr2026.html,Oracle Construction and Engineering,P6WS (DOMPurify),3.1,4.1,Network,Low,Low,Required,Changed,Low,None,None,,,,,HTTP,No,"21.12.0.0-21.12.21.6, 22.12.0.0-22.12.21.1, 23.12.0.0-23.12.18.0, 24.12.0.0-24.12.13.0, 25.12.0.0-25.12.2.0",
CVE-2025-27636,2026-Q2,https://www.oracle.com/security-alerts/cpuapr2026.html,Oracle Financial Services Applications,Platform (Apache Camel),3.1,4.1,Network,High,High,None,Un- changed,Low,Low,Low,,,,,HTTP,No,14.5.0.0.0-14.8.0.0.0,
CVE-2024-31573,2026-Q2,https://www.oracle.com/security-alerts/cpuapr2026.html,Oracle Fusion Middleware,Fabric Layer (xmlunit),3.1,4.0,Local,High,None,None,Un- changed,Low,Low,None,,,,,None,No,"12.2.1.4.0, 14.1.2.0.0",
CVE-2026-22014,2026-Q2,https://www.oracle.com/security-alerts/cpuapr2026.html,Oracle E-Business Suite,Workflow and Business Events,3.1,3.8,Network,Low,High,None,Un- changed,Low,Low,None,,,,,HTTP,No,12.2.7-12.2.15,
CVE-2025-11143,2026-Q2,https://www.oracle.com/security-alerts/cpuapr2026.html,Oracle GoldenGate,Java Delivery (Eclipse Jetty),3.1,3.7,Network,High,None,None,Un- changed,None,Low,None,,,,,HTTP,Yes,"21.3-21.21, 23.4-23.10",
CVE-2026-22008,2026-Q2,https://www.oracle.com/security-alerts/cpuapr2026.html,Oracle Java SE,Libraries,3.1,3.7,Network,High,None,None,Un- changed,None,Low,None,,,,,Multiple,Yes,Oracle Java SE: 25.0.1,See Note 1
CVE-2026-22018,2026-Q2,https://www.oracle.com/security-alerts/cpuapr2026.html,Oracle Java SE,Libraries,3.1,3.7,Network,High,None,None,Un- changed,None,None,Low,,,,,Multiple,Yes,"Oracle Java SE: 8u481, 8u481-b50, 8u481-perf, 11.0.30, 17.0.18, 21.0.10, 25.0.2, 26; Oracle GraalVM for JDK: 17.0.18, 21.0.10; Oracle GraalVM Enterprise Edition: 21.3.17",See Note 2
CVE-2025-61984,2026-Q2,https://www.oracle.com/security-alerts/cpuapr2026.html,Oracle Communications,Configuration Management Platform (OpenSSH),3.1,3.6,Local,High,Low,None,Un- changed,Low,Low,None,,,,,None,No,15.0.0.0.0,
CVE-2025-31948,2026-Q2,https://www.oracle.com/security-alerts/cpuapr2026.html,Oracle Database Server,Data Mining (Intel oneAPI Toolkit OpenMP),3.1,3.3,Local,Low,Low,None,Un- changed,None,None,Low,,,,Authenticated User,None,No,"19.3-19.30, 21.3-21.21, 23.4.0-23.26.1",
CVE-2025-48924,2026-Q2,https://www.oracle.com/security-alerts/cpuapr2026.html,Oracle Database Server,RDBMS (Apache Commons Lang),3.1,3.3,Local,Low,None,Required,Un- changed,None,None,Low,,,,DBMS Developer,Multiple,No,23.4.0-23.26.1,
CVE-2026-35249,2026-Q2,https://www.oracle.com/security-alerts/cpuapr2026.html,Oracle Virtualization,Core,3.1,3.2,Local,Low,High,None,Changed,None,Low,None,,,,,None,No,7.2.6,
CVE-2026-22007,2026-Q2,https://www.oracle.com/security-alerts/cpuapr2026.html,Oracle Java SE,Security,3.1,2.9,Local,High,None,None,Un- changed,Low,None,None,,,,,None,No,"Oracle Java SE: 8u481, 8u481-b50, 8u481-perf, 11.0.30, 17.0.18, 21.0.10, 25.0.2, 26; Oracle GraalVM for JDK: 17.0.18, 21.0.10; Oracle GraalVM Enterprise Edition: 21.3.17",See Note 2
CVE-2026-34268,2026-Q2,https://www.oracle.com/security-alerts/cpuapr2026.html,Oracle Java SE,Security,3.1,2.9,Local,High,None,None,Un- changed,Low,None,None,,,,,None,No,"Oracle Java SE: 8u481, 8u481-b50, 8u481-perf, 11.0.30, 17.0.18, 21.0.10, 25.0.2, 26; Oracle GraalVM for JDK: 17.0.18, 21.0.10; Oracle GraalVM Enterprise Edition: 21.3.17",See Note 2
CVE-2026-22001,2026-Q2,https://www.oracle.com/security-alerts/cpuapr2026.html,Oracle MySQL,Server: Information Schema,3.1,2.7,Network,Low,High,None,Un- changed,Low,None,None,,,,,MySQL Protocol,No,"8.0.0-8.0.45, 8.4.0-8.4.8, 9.0.0-9.6.0",
CVE-2026-34312,2026-Q2,https://www.oracle.com/security-alerts/cpuapr2026.html,Oracle Database Server,RDBMS,3.1,2.4,Network,Low,High,Required,Un- changed,Low,None,None,,,,Row Access Method,Multiple,No,19.3-19.30,
CVE-2025-58181,2026-Q2,https://www.oracle.com/security-alerts/cpuapr2026.html,Oracle Communications,Core (Golang Crypto),3.1,2.4,Network,Low,High,Required,Un- changed,None,None,Low,,,,,SSH,No,7.0.0,
CVE-2026-35250,2026-Q2,https://www.oracle.com/security-alerts/cpuapr2026.html,Oracle Virtualization,Core,3.1,2.3,Local,Low,High,None,Un- changed,None,None,Low,,,,,None,No,7.2.6,
